id,title,release_date,revenue,budget,vote_average,vote_count,popularity,runtime,original_language,genres,youtube_key,trailer_url,view_count,like_count,comment_count,engagement_rate
980477,Ne Zha 2,2025-01-29,2259822417,80000000,8.162,727,38.1292,144,zh,"Animation, Action, Fantasy, Adventure",ETlOSBR92Fs,https://www.youtube.com/watch?v=ETlOSBR92Fs,13184409,32778,2703,0.002486
1084242,Zootopia 2,2025-11-26,1868208796,150000000,7.668,2989,72.9283,108,en,"Animation, Adventure, Comedy, Mystery, Family",sEgPQ7HKoBA,https://www.youtube.com/watch?v=sEgPQ7HKoBA,4846110,55391,0,0.01143
83533,Avatar: Fire and Ash,2025-12-17,1490477656,350000000,7.6,3551,123.1454,198,en,"Science Fiction, Adventure, Fantasy",Ma1x7ikpid8,https://www.youtube.com/watch?v=Ma1x7ikpid8,17549453,235748,14926,0.013433
533535,Deadpool & Wolverine,2024-07-24,1338073645,200000000,7.575,8817,34.3981,128,en,"Action, Comedy, Science Fiction",Idh8n5XuYIA,https://www.youtube.com/watch?v=Idh8n5XuYIA,9786695,208879,8048,0.021343
1241982,Moana 2,2024-11-21,1059242164,150000000,7.008,3105,25.2422,100,en,"Adventure, Animation, Comedy, Family, Fantasy",JdSl4RMNtGE,https://www.youtube.com/watch?v=JdSl4RMNtGE,5927988,41149,0,0.006941
552524,Lilo & Stitch,2025-05-17,1038027526,100000000,7.2,2180,17.9205,108,en,"Family, Science Fiction, Comedy",VWqJifMMgZE,https://www.youtube.com/watch?v=VWqJifMMgZE,27107000,260672,21150,0.009616
1226863,The Super Mario Galaxy Movie,2026-04-01,1007512277,110000000,8.226,2809,181.1445,98,en,"Family, Comedy, Adventure, Fantasy, Animation",En5QZmL5R1s,https://www.youtube.com/watch?v=En5QZmL5R1s,10958246,33612,0,0.003067
950387,A Minecraft Movie,2025-03-31,960387780,150000000,6.3,3051,26.5346,101,en,"Family, Fantasy, Comedy, Adventure",aSh_L6bvaCQ,https://www.youtube.com/watch?v=aSh_L6bvaCQ,73302,475,74,0.00648
936075,Michael,2026-04-22,942262159,250000000,8.692,2991,375.7553,128,en,"Music, Drama",k-YAcjaLuSI,https://www.youtube.com/watch?v=k-YAcjaLuSI,6298197,84729,4041,0.013453
1234821,Jurassic World Rebirth,2025-06-23,869146189,180000000,6.3,3443,29.3721,134,en,"Science Fiction, Adventure, Action",2ZhB-YO5Tnk,https://www.youtube.com/watch?v=2ZhB-YO5Tnk,27066647,34970,2667,0.001292
402431,Wicked,2024-10-16,758827029,150000000,6.906,3067,16.6351,162,en,"Drama, Romance, Fantasy",pqi45Qhq3CI,https://www.youtube.com/watch?v=pqi45Qhq3CI,5601016,47878,4809,0.008548
1311031,Demon Slayer: Kimetsu no Yaiba Infinity Castle,2025-07-18,733030221,20000000,7.727,874,108.3473,156,ja,"Animation, Action, Fantasy",EpAlHmuA2YM,https://www.youtube.com/watch?v=EpAlHmuA2YM,427453,5608,294,0.01312
762509,Mufasa: The Lion King,2024-12-18,722631756,200000000,7.303,2685,16.5008,118,en,"Adventure, Family, Animation",lMXh6vjiZrI,https://www.youtube.com/watch?v=lMXh6vjiZrI,8269079,47926,2263,0.005796
687163,Project Hail Mary,2026-03-15,683349773,200000000,8.691,5373,130.2689,157,en,"Science Fiction, Adventure",NKYea63tQmI,https://www.youtube.com/watch?v=NKYea63tQmI,759609,3408,236,0.004487
1314481,The Devil Wears Prada 2,2026-04-29,677702888,100000000,6.546,835,35.0268,119,en,"Comedy, Drama",PMd1at7OwiE,https://www.youtube.com/watch?v=PMd1at7OwiE,24474987,80376,3417,0.003284
1087192,How to Train Your Dragon,2025-06-06,636351148,150000000,7.93,2892,23.0102,125,en,"Fantasy, Family, Action, Adventure",OWEq2Pf8qpk,https://www.youtube.com/watch?v=OWEq2Pf8qpk,23270024,95979,4503,0.004125
911430,F1,2025-06-25,634142436,300000000,7.803,4132,31.9876,156,en,"Action, Drama",ge_ABjtYx88,https://www.youtube.com/watch?v=ge_ABjtYx88,650628,4751,122,0.007302
1061474,Superman,2025-07-09,618723803,225000000,7.3,4928,39.068,130,en,"Science Fiction, Adventure, Action",MikgqM0LXr4,https://www.youtube.com/watch?v=MikgqM0LXr4,134537,1467,187,0.010904
575265,Mission: Impossible - The Final Reckoning,2025-05-17,598767057,400000000,7.168,2882,27.202,170,en,"Action, Thriller, Adventure",G1VBfMCZVkw,https://www.youtube.com/watch?v=G1VBfMCZVkw,2035538,22092,1005,0.010853
967941,Wicked: For Good,2025-11-19,539042601,150000000,6.6,1038,11.2423,137,en,"Fantasy, Adventure, Romance",R2Xubj7lazE,https://www.youtube.com/watch?v=R2Xubj7lazE,6793925,101189,4155,0.014894
1038392,The Conjuring: Last Rites,2025-09-03,499256445,55000000,6.935,1908,29.8247,136,en,Horror,p4aWdkM5xF8,https://www.youtube.com/watch?v=p4aWdkM5xF8,903231,11500,397,0.012732
939243,Sonic the Hedgehog 3,2024-12-19,492162604,122000000,7.615,3314,22.7433,110,en,"Action, Science Fiction, Comedy, Family",LH1J1EbqCaI,https://www.youtube.com/watch?v=LH1J1EbqCaI,14646822,245697,0,0.016775
912649,Venom: The Last Dance,2024-10-22,478937618,120000000,6.676,4271,19.7354,109,en,"Science Fiction, Action, Adventure",FKBN1qAzW3s,https://www.youtube.com/watch?v=FKBN1qAzW3s,609066,3330,138,0.005467
558449,Gladiator II,2024-11-13,462180717,310000000,6.6,4485,11.6411,148,en,"Action, Adventure, Drama",TQwSz88ITAE,https://www.youtube.com/watch?v=TQwSz88ITAE,4043283,9660,1296,0.002389
917496,Beetlejuice Beetlejuice,2024-09-04,452000435,99000000,6.932,3143,8.3077,105,en,"Comedy, Fantasy, Horror",xnbAxOEiMis,https://www.youtube.com/watch?v=xnbAxOEiMis,45469,401,90,0.008819
822119,Captain America: Brave New World,2025-02-12,415101577,180000000,5.969,3134,13.6338,119,en,"Action, Thriller, Science Fiction",5PSzFLV-EyQ,https://www.youtube.com/watch?v=5PSzFLV-EyQ,1636530,42411,2645,0.025915
1368166,The Housemaid,2025-12-18,399644671,35000000,7.267,2496,52.5087,131,en,"Mystery, Thriller",BqWH0KDqm3U,https://www.youtube.com/watch?v=BqWH0KDqm3U,2599694,6394,754,0.00246
986056,Thunderbolts*,2025-04-30,382436917,180000000,7.291,3600,16.236,127,en,"Action, Science Fiction, Adventure",7rs_HhSA7XY,https://www.youtube.com/watch?v=7rs_HhSA7XY,296677,4851,594,0.016351
718821,Twisters,2024-07-10,372262265,155000000,6.775,3018,6.4624,123,en,"Action, Thriller",AZbEi95SuMg,https://www.youtube.com/watch?v=AZbEi95SuMg,823313,3540,334,0.0043
1327819,Hoppers,2026-03-04,372010783,150000000,8.197,1719,101.2632,104,en,"Adventure, Animation, Comedy, Family, Science Fiction",PypDSyIRRSs,https://www.youtube.com/watch?v=PypDSyIRRSs,18450492,83380,5748,0.004519
1233413,Sinners,2025-04-16,370000000,100000000,7.497,4671,26.8581,138,en,"Horror, Action, Thriller",l2h2lC0vlX4,https://www.youtube.com/watch?v=l2h2lC0vlX4,218207,1062,85,0.004867
1084244,Toy Story 5,2026-06-17,366656204,250000000,7.443,299,306.5614,102,en,"Animation, Family, Comedy, Adventure",QftAW9TTmuQ,https://www.youtube.com/watch?v=QftAW9TTmuQ,17138303,65807,0,0.00384
1079091,It Ends with Us,2024-08-07,351441044,55000000,6.945,1967,7.0908,131,en,"Drama, Romance",r-GQvSc5ZGw,https://www.youtube.com/watch?v=r-GQvSc5ZGw,3184004,15066,1358,0.004732
945961,Alien: Romulus,2024-08-13,350865342,80000000,7.2,4596,11.0785,119,en,"Horror, Science Fiction",x0XDEhP4MQs,https://www.youtube.com/watch?v=x0XDEhP4MQs,7828997,96185,12246,0.012286
1339713,Obsession,2026-05-13,339224215,750000,7.9,979,526.463,108,en,"Horror, Thriller",gMC8kkwbIQQ,https://www.youtube.com/watch?v=gMC8kkwbIQQ,15496796,0,6367,0.0
1184918,The Wild Robot,2024-09-12,331982078,78000000,8.314,6183,30.633,102,en,"Family, Animation, Science Fiction, Adventure",VUCNBAmse04,https://www.youtube.com/watch?v=VUCNBAmse04,7228908,56183,0,0.007772
1228710,The Mandalorian and Grogu,2026-05-20,323364088,165000000,6.7,522,187.8376,132,en,"Action, Adventure, Science Fiction",uwild1rw7Aw,https://www.youtube.com/watch?v=uwild1rw7Aw,5705453,88611,5841,0.015531
574475,Final Destination Bloodlines,2025-05-14,317854739,50000000,7.038,2897,18.676,110,en,"Horror, Mystery",xitSoRbHJ50,https://www.youtube.com/watch?v=xitSoRbHJ50,341525,1097,42,0.003212
1083381,Backrooms,2026-05-27,301819646,10000000,6.9,729,108.5329,111,en,"Horror, Mystery, Science Fiction",0HjdiohVOik,https://www.youtube.com/watch?v=0HjdiohVOik,41325582,681008,37763,0.016479
1078605,Weapons,2025-08-04,269972492,38000000,7.257,3514,17.3809,128,en,"Horror, Mystery",QKHySfXqN0I,https://www.youtube.com/watch?v=QKHySfXqN0I,25343347,112986,6936,0.004458
762441,A Quiet Place: Day One,2024-06-26,261907653,67000000,6.642,3385,8.1175,100,en,"Horror, Science Fiction, Thriller",E-WIb4ATfT8,https://www.youtube.com/watch?v=E-WIb4ATfT8,3164425,18864,1782,0.005961
425274,Now You See Me: Now You Don't,2025-11-12,243700000,90000000,6.5,1589,26.4864,112,en,"Crime, Thriller",lLWESUfW-0A,https://www.youtube.com/watch?v=lLWESUfW-0A,2222625,5897,297,0.002653
1175942,The Bad Guys 2,2025-07-24,239676236,80000000,7.652,801,14.6989,104,en,"Family, Comedy, Crime, Adventure, Animation",HvLHYox_Vq8,https://www.youtube.com/watch?v=HvLHYox_Vq8,42256341,74149,0,0.001755
1228246,Five Nights at Freddy's 2,2025-12-03,239568877,36000000,6.639,1001,19.5883,104,en,"Horror, Thriller",NQypHE9_Fm4,https://www.youtube.com/watch?v=NQypHE9_Fm4,37332852,362727,13455,0.009716
1159559,Scream 7,2026-02-25,213835967,45000000,6.191,1074,46.9465,114,en,"Horror, Mystery, Crime",4g8OciWNJn4,https://www.youtube.com/watch?v=4g8OciWNJn4,2188824,16942,1781,0.00774
1054867,One Battle After Another,2025-09-23,209377100,175000000,7.4,3826,15.8759,162,en,"Thriller, Crime, Comedy",u6GVb4p7oD4,https://www.youtube.com/watch?v=u6GVb4p7oD4,101342,313,47,0.003089
889737,Joker: Folie à Deux,2024-10-01,207500287,190000000,5.403,2944,7.6054,138,en,"Drama, Crime, Thriller",fiqqAI0e4Nc,https://www.youtube.com/watch?v=fiqqAI0e4Nc,2593788,27367,2356,0.010551
447273,Snow White,2025-03-19,205679463,271600000,4.301,1657,13.9842,109,en,"Family, Fantasy",KsSoo5K8CpA,https://www.youtube.com/watch?v=KsSoo5K8CpA,244583,868,352,0.003549
1273221,Scary Movie,2026-06-03,204299766,30000000,5.5,350,63.3615,96,en,"Comedy, Horror",cGgWAHXuTKc,https://www.youtube.com/watch?v=cGgWAHXuTKc,5896834,16916,918,0.002869
1297842,GOAT,2026-02-11,193566330,90000000,8.116,835,62.7357,100,en,"Animation, Comedy, Family",kmY-rYS7yng,https://www.youtube.com/watch?v=kmY-rYS7yng,5292898,9193,646,0.001737
1218925,Chainsaw Man - The Movie: Reze Arc,2025-09-19,191400000,4100000,8.436,958,25.6793,100,ja,"Animation, Action, Romance, Fantasy",GJ1jrCnm-t8,https://www.youtube.com/watch?v=GJ1jrCnm-t8,3578940,40445,1164,0.011301
1218925,Chainsaw Man - The Movie: Reze Arc,2025-09-19,191400000,4100000,8.436,958,25.6793,100,ja,"Animation, Action, Romance, Fantasy",GJ1jrCnm-t8,https://www.youtube.com/watch?v=GJ1jrCnm-t8,3578940,40445,1164,0.011301
1317288,Marty Supreme,2025-12-19,191303074,65000000,7.384,1878,14.3179,150,en,"Drama, Thriller",s9gSuKaKcqM,https://www.youtube.com/watch?v=s9gSuKaKcqM,31501973,115300,4988,0.00366
845781,Red One,2024-10-31,185700759,250000000,6.983,3057,11.5332,124,en,"Action, Comedy, Fantasy",7l3hfD74X-4,https://www.youtube.com/watch?v=7l3hfD74X-4,15578480,46030,2351,0.002955
1242898,Predator: Badlands,2025-11-05,184500000,105000000,7.8,3159,46.3397,107,en,"Action, Science Fiction, Adventure",LkBqjfg8TGM,https://www.youtube.com/watch?v=LkBqjfg8TGM,156085,1177,67,0.007541
426063,Nosferatu,2024-12-25,181805645,50000000,6.7,3703,9.5848,133,en,"Horror, Fantasy",nulvWqYUM8k,https://www.youtube.com/watch?v=nulvWqYUM8k,22317101,145214,8151,0.006507
1419406,The Shadow's Edge,2025-08-16,174400000,0,7.815,897,92.7369,142,zh,"Action, Crime, Drama, Thriller",xvmADAJOoCg,https://www.youtube.com/watch?v=xvmADAJOoCg,267866,377,9,0.001407
1275779,Disclosure Day,2026-06-10,172717890,115000000,6.694,666,179.6537,145,en,"Science Fiction, Thriller",icDuEHSxE-w,https://www.youtube.com/watch?v=icDuEHSxE-w,18479750,91875,10883,0.004972
991494,The SpongeBob Movie: Search for SquarePants,2025-12-16,163197450,64000000,6.85,307,20.1499,88,en,"Adventure, Animation, Comedy, Family, Fantasy",wS3mgDtELaU,https://www.youtube.com/watch?v=wS3mgDtELaU,1028884,307,10,0.000298
1022787,Elio,2025-06-18,154291182,150000000,6.913,1012,13.9507,98,en,"Adventure, Animation, Comedy, Family, Science Fiction",yH5zbV7eweM,https://www.youtube.com/watch?v=yH5zbV7eweM,302251,2725,236,0.009016
1125257,Freakier Friday,2025-08-06,153176952,42000000,6.8,718,12.9468,110,en,"Comedy, Fantasy, Family",IyJzhtJEtoU,https://www.youtube.com/watch?v=IyJzhtJEtoU,6680511,33033,1936,0.004945
1582770,Dhurandhar: The Revenge,2026-03-18,152900759,14330000,7.341,123,113.9633,229,hi,"Action, Crime, Thriller",NHk7scrb_9I,https://www.youtube.com/watch?v=NHk7scrb_9I,90007092,1317316,66923,0.014636
1100988,28 Years Later,2025-06-18,151308832,60000000,6.61,2615,12.9739,115,en,"Horror, Thriller, Science Fiction",IYGG55qwQZQ,https://www.youtube.com/watch?v=IYGG55qwQZQ,11704895,203807,14468,0.017412
533533,TRON: Ares,2025-10-08,142249983,220000000,6.496,1456,18.7805,119,en,"Science Fiction, Adventure, Action",gNa0j4mQo1k,https://www.youtube.com/watch?v=gNa0j4mQo1k,1039361,4428,459,0.00426
661539,A Complete Unknown,2024-12-25,140508652,65000000,7.068,1462,6.4288,141,en,"Drama, Music",ob4SHtT6cC0,https://www.youtube.com/watch?v=ob4SHtT6cC0,76553,789,23,0.010307
1100782,Smile 2,2024-10-16,138128854,28000000,6.59,2195,9.4881,127,en,"Horror, Music, Mystery, Thriller",FU_bAopCcSE,https://www.youtube.com/watch?v=FU_bAopCcSE,2698585,10869,1068,0.004028
541671,Ballerina,2025-06-04,137408107,90000000,7.256,2682,18.2272,125,en,"Action, Thriller, Crime",b9Rr9ygb-ac,https://www.youtube.com/watch?v=b9Rr9ygb-ac,5391304,56799,2522,0.010535
1291608,Dhurandhar,2025-12-05,136599112,24000000,7.268,311,61.856,214,hi,"Action, Crime, Thriller",o--C7AH5SuI,https://www.youtube.com/watch?v=o--C7AH5SuI,1105737,28470,1571,0.025748
1234731,Anaconda,2025-12-24,135148320,45000000,5.882,1233,21.9577,100,en,"Adventure, Comedy, Horror",LFLyvzIZjK4,https://www.youtube.com/watch?v=LFLyvzIZjK4,402069,279,19,0.000694
696506,Mickey 17,2025-02-28,133542263,118000000,6.836,3626,12.2658,137,en,"Science Fiction, Comedy, Adventure",tA1s65o_kYM,https://www.youtube.com/watch?v=tA1s65o_kYM,26527325,184342,6075,0.006949
1197137,Black Phone 2,2025-10-15,132675749,30000000,6.696,1166,13.3611,114,en,"Horror, Thriller",pWNucAcRoBY,https://www.youtube.com/watch?v=pWNucAcRoBY,13874880,6807,219,0.000491
1325734,The Drama,2026-04-01,132552559,28000000,6.97,1084,35.9875,105,en,"Romance, Comedy, Drama",0ZDzsH3XGFA,https://www.youtube.com/watch?v=0ZDzsH3XGFA,204618,751,21,0.00367
698687,Transformers One,2024-09-11,129408392,75000000,7.968,1648,8.7014,104,en,"Animation, Science Fiction, Adventure, Family",jaVcDaozGgc,https://www.youtube.com/watch?v=jaVcDaozGgc,5947851,40394,0,0.006791
931285,Mortal Kombat II,2026-05-06,129178875,80000000,7.993,1653,299.1988,116,en,"Action, Fantasy, Adventure",zva2PQ-ud5Y,https://www.youtube.com/watch?v=zva2PQ-ud5Y,853500,20602,1312,0.024138
1128650,The Prosecutor,2024-12-08,128093757,38500000,7.066,219,6.76,117,cn,"Action, Drama, Crime, Thriller",j5c13X9j_0o,https://www.youtube.com/watch?v=j5c13X9j_0o,66496,60,5,0.000902
1226578,Longlegs,2024-07-10,127961936,10000000,6.5,2693,8.2068,101,en,"Crime, Horror, Mystery",FXOtkvx25gI,https://www.youtube.com/watch?v=FXOtkvx25gI,13240640,38074,2308,0.002876
936108,Smurfs,2025-06-30,124157356,58000000,5.781,267,8.9559,89,en,"Animation, Family, Fantasy",_N7kNc4-ZUg,https://www.youtube.com/watch?v=_N7kNc4-ZUg,891357,2863,0,0.003212
1011477,Karate Kid: Legends,2025-05-08,117105466,45000000,6.998,1220,10.7807,94,en,"Action, Adventure, Drama",LhRXf-yEQqA,https://www.youtube.com/watch?v=LhRXf-yEQqA,27385630,188888,11216,0.006897
1301421,The Sheep Detectives,2026-04-30,115953209,75000000,7.545,257,199.9905,115,en,"Comedy, Family, Mystery",826SRt1CFbg,https://www.youtube.com/watch?v=826SRt1CFbg,9683008,14100,812,0.001456
1321179,The King's Warden,2026-02-04,111782570,6900000,7.214,21,8.4581,117,ko,"History, Drama",YOWP0DiW8po,https://www.youtube.com/watch?v=YOWP0DiW8po,89877,585,26,0.006509
858024,Hamnet,2025-11-26,107756183,30000000,7.7,1405,13.0655,125,en,"Drama, Romance, History",xYcgQMxQwmk,https://www.youtube.com/watch?v=xYcgQMxQwmk,17922310,35468,1483,0.001979
870028,The Accountant²,2025-04-23,103223366,80000000,7.086,1800,8.6871,133,en,"Mystery, Crime, Thriller",RwXDphhQ9Tg,https://www.youtube.com/watch?v=RwXDphhQ9Tg,1251730,3068,186,0.002451
1035259,The Naked Gun,2025-07-30,102147396,42000000,6.372,1767,10.3008,85,en,"Comedy, Action, Crime",uLguU7WLreA,https://www.youtube.com/watch?v=uLguU7WLreA,19481525,103675,10166,0.005322
454639,Masters of the Universe,2026-06-03,101914098,200000000,7.2,301,109.0615,141,en,"Action, Fantasy, Science Fiction",rJSmz-zhDxE,https://www.youtube.com/watch?v=rJSmz-zhDxE,11897688,36151,4322,0.003038
1087891,The Amateur,2025-04-09,96000836,60000000,6.941,1630,8.6489,123,en,"Thriller, Action",DCWcK4c-F8Q,https://www.youtube.com/watch?v=DCWcK4c-F8Q,16795351,225548,9364,0.013429
1198994,Send Help,2026-01-22,94041481,40000000,7.046,1824,38.7887,113,en,"Horror, Thriller, Comedy",cOmnmFz_Uzs,https://www.youtube.com/watch?v=cOmnmFz_Uzs,368197,3506,289,0.009522
1083637,Kantara - A Legend: Chapter 1,2025-10-01,91000000,14000000,7.128,86,14.2676,165,kn,"Action, Drama, Fantasy",TMQUFhWm8C0,https://www.youtube.com/watch?v=TMQUFhWm8C0,23814683,803018,20976,0.033719
1327862,Regretting You,2025-10-22,90452948,30000000,7.009,436,8.9494,116,en,"Romance, Drama",qub8lZlVlho,https://www.youtube.com/watch?v=qub8lZlVlho,13015538,44364,1450,0.003409
1304313,Lee Cronin's The Mummy,2026-04-15,90452113,22000000,8.024,1965,137.3105,133,en,"Horror, Mystery",6wbMsDmJLCs,https://www.youtube.com/watch?v=6wbMsDmJLCs,594715,4144,343,0.006968
1034541,Terrifier 3,2024-10-09,90322103,2000000,6.8,1973,13.1677,125,en,Horror,0EDDtgWnSeY,https://www.youtube.com/watch?v=0EDDtgWnSeY,325538,770,26,0.002365
1197306,A Working Man,2025-03-26,89400711,40000000,6.697,1957,21.5788,116,en,"Action, Crime, Thriller",mdfrG2cLK58,https://www.youtube.com/watch?v=mdfrG2cLK58,2959733,7495,488,0.002532
1367642,Reminders of Him,2026-03-11,89039780,30000000,7.732,321,12.035,114,en,"Romance, Drama",i36Zw32GfRQ,https://www.youtube.com/watch?v=i36Zw32GfRQ,47594897,66852,2388,0.001405
1168190,The Wrecking Crew,2026-01-28,89000000,78500000,7.029,1089,30.4552,125,en,"Action, Comedy, Crime, Mystery",v8R0xDczERo,https://www.youtube.com/watch?v=v8R0xDczERo,24997577,53503,3071,0.00214
1167307,David,2025-12-14,85865995,60900000,8.1,151,21.0263,109,en,"Animation, Drama, Family, History",gWgyI6_lR0A,https://www.youtube.com/watch?v=gWgyI6_lR0A,3351284,13485,1132,0.004024
1032823,Trap,2024-07-31,83677281,30000000,6.237,2870,7.0261,105,en,"Crime, Horror, Thriller",mps1HbpECIA,https://www.youtube.com/watch?v=mps1HbpECIA,27104113,58188,4855,0.002147
1280282,Gabby's Dollhouse: The Movie,2025-09-13,80322142,32000000,6.8,80,7.6254,98,en,"Adventure, Animation, Comedy, Family, Fantasy",S-GFCPEWqe4,https://www.youtube.com/watch?v=S-GFCPEWqe4,9963602,13614,0,0.001366
933260,The Substance,2024-09-07,77316812,17500000,7.1,6094,21.776,141,en,"Horror, Science Fiction, Thriller",lR5nlovVgvQ,https://www.youtube.com/watch?v=lR5nlovVgvQ,542066,1413,72,0.002607
1084736,The Count of Monte Cristo,2024-06-28,75360860,46000000,7.9,2041,8.5124,178,fr,"Adventure, Action, Drama",8Q6y1waxlTY,https://www.youtube.com/watch?v=8Q6y1waxlTY,2776698,19704,1512,0.007096
1171145,Crime 101,2026-02-11,72900246,90000000,6.997,1104,35.4846,141,en,"Crime, Thriller",KeEHsuZ4Ja4,https://www.youtube.com/watch?v=KeEHsuZ4Ja4,24174014,25913,1069,0.001072
798645,The Running Man,2025-11-11,69000000,110000000,6.782,1656,14.9439,133,en,"Action, Thriller, Science Fiction",_iHJHYjq7XI,https://www.youtube.com/watch?v=_iHJHYjq7XI,641075,3650,261,0.005694
1124620,The Monkey,2025-02-10,68871071,10000000,5.994,1355,10.3516,97,en,"Horror, Comedy",KPxmK_ihDO8,https://www.youtube.com/watch?v=KPxmK_ihDO8,229966,1630,133,0.007088
1144107,The Legend of Hei 2,2025-07-18,67216848,0,8.508,59,11.069,119,zh,"Animation, Fantasy, Action, Adventure",6t-uv2Vv_vA,https://www.youtube.com/watch?v=6t-uv2Vv_vA,20823,324,26,0.01556
1241634,Saiyaara,2025-07-18,63539300,5500000,6.402,143,16.205,150,hi,"Romance, Drama, Music",nF31d_f4n_A,https://www.youtube.com/watch?v=nF31d_f4n_A,9039501,126589,5245,0.014004
604079,The Long Walk,2025-09-10,63103084,20000000,6.905,1580,11.2842,108,en,"Science Fiction, Thriller, Horror",Toj3Zxun7aQ,https://www.youtube.com/watch?v=Toj3Zxun7aQ,7197512,22297,2834,0.003098
539972,Kraven the Hunter,2024-12-11,62076533,130000000,6.438,2364,13.5259,127,en,"Action, Adventure, Thriller",hR1-ihzff3I,https://www.youtube.com/watch?v=hR1-ihzff3I,6329690,104509,11699,0.016511
1097549,Babygirl,2024-12-25,60934894,20000000,5.711,1218,9.224,115,en,"Romance, Thriller",9XXoNB0lVGo,https://www.youtube.com/watch?v=9XXoNB0lVGo,11701014,42778,3619,0.003656
1272837,28 Years Later: The Bone Temple,2026-01-14,58522222,63000000,7.132,1327,28.5683,109,en,"Horror, Thriller, Science Fiction",rl_DJZCyEH4,https://www.youtube.com/watch?v=rl_DJZCyEH4,7300419,10053,950,0.001377
1064213,Anora,2024-10-14,56286295,6000000,7.1,3197,13.5476,139,en,"Drama, Comedy, Romance",8m6UrWMl18M,https://www.youtube.com/watch?v=8m6UrWMl18M,5029479,8370,457,0.001664
1232546,Until Dawn,2025-04-23,54105064,15000000,6.273,1453,9.7837,103,en,"Horror, Mystery",xR3lVHnh0Gg,https://www.youtube.com/watch?v=xR3lVHnh0Gg,303628,286,33,0.000942
1290821,Shelter,2026-01-28,53933639,50000000,7.685,1299,52.7413,107,en,"Action, Crime, Thriller",auHiLFjaIc0,https://www.youtube.com/watch?v=auHiLFjaIc0,11535838,21056,1364,0.001825
1138194,Heretic,2024-10-31,51913394,10000000,6.973,2677,6.8674,111,en,"Thriller, Horror",jpWUOxRozZg,https://www.youtube.com/watch?v=jpWUOxRozZg,11484286,26924,1932,0.002344
1116201,Iron Lung,2026-01-30,51226173,4000000,6.981,293,20.8522,125,en,"Horror, Mystery, Science Fiction",7qRf_f_bbUk,https://www.youtube.com/watch?v=7qRf_f_bbUk,268797,1056,84,0.003929
549509,The Brutalist,2024-12-20,50145227,9600000,6.953,1676,7.9095,215,en,Drama,GdRXPAHIEW4,https://www.youtube.com/watch?v=GdRXPAHIEW4,7401979,52855,2839,0.007141
1126166,Flight Risk,2025-01-22,48703174,25000000,5.9,1165,6.9831,91,en,"Action, Thriller",uaodj8Myt3A,https://www.youtube.com/watch?v=uaodj8Myt3A,40243,54,6,0.001342
680493,Return to Silent Hill,2026-01-21,47976996,23000000,5.388,661,18.7903,106,en,"Mystery, Drama, Horror",z10cMFhKbW8,https://www.youtube.com/watch?v=z10cMFhKbW8,219988,379,24,0.001723
680493,Return to Silent Hill,2026-01-21,47976996,23000000,5.388,661,18.7903,106,en,"Mystery, Drama, Horror",z10cMFhKbW8,https://www.youtube.com/watch?v=z10cMFhKbW8,219988,379,24,0.001723
840705,Blink Twice,2024-08-21,46393906,20000000,6.684,1927,7.2687,103,en,"Mystery, Thriller",jmCCQ80iAf8,https://www.youtube.com/watch?v=jmCCQ80iAf8,11870517,5540,589,0.000467
840464,Greenland 2: Migration,2026-01-07,44856736,90000000,6.4,1241,53.1073,98,en,"Adventure, Thriller, Science Fiction",hiD3zk0ZRFg,https://www.youtube.com/watch?v=hiD3zk0ZRFg,1888846,6451,816,0.003415
1539104,JUJUTSU KAISEN: Execution,2025-11-07,44457030,0,6.0,100,25.7233,88,ja,"Animation, Action, Fantasy",XeoQg5PVOLI,https://www.youtube.com/watch?v=XeoQg5PVOLI,702865,12482,559,0.017759
1408208,Exit 8,2025-08-28,43891675,1400000,6.858,507,20.0529,95,ja,"Horror, Mystery",zzEDWwhtAHc,https://www.youtube.com/watch?v=zzEDWwhtAHc,245302,4679,238,0.019074
1408208,Exit 8,2025-08-28,43891675,1400000,6.858,507,20.0529,95,ja,"Horror, Mystery",zzEDWwhtAHc,https://www.youtube.com/watch?v=zzEDWwhtAHc,245302,4679,238,0.019074
1233575,Black Bag,2025-03-12,43887905,50000000,6.365,1258,6.9957,94,en,"Drama, Mystery, Thriller",n_56L6WzLT8,https://www.youtube.com/watch?v=n_56L6WzLT8,4185925,1849,128,0.000442
701387,Bugonia,2025-10-23,43500000,55000000,7.315,2014,9.1046,119,en,"Science Fiction, Thriller, Comedy",7VBigr-JHB0,https://www.youtube.com/watch?v=7VBigr-JHB0,4433321,7029,469,0.001585
1007734,Nobody 2,2025-08-13,43285109,25000000,6.931,1615,10.7916,89,en,"Action, Thriller, Comedy",UGOvEad8qd4,https://www.youtube.com/watch?v=UGOvEad8qd4,5316876,8681,411,0.001633
1246049,Dracula,2025-07-30,42404858,52000000,7.2,1289,40.0453,130,fr,"Horror, Fantasy, Romance",hverb7siYJ8,https://www.youtube.com/watch?v=hverb7siYJ8,1928922,4967,611,0.002575
1266127,Ready or Not: Here I Come,2026-03-19,42212563,14000000,7.702,1104,29.3275,108,en,"Thriller, Horror, Comedy",jczr0KCloXk,https://www.youtube.com/watch?v=jczr0KCloXk,1130757,16899,782,0.014945
1315303,Primate,2026-01-01,41235665,21000000,6.523,698,11.2677,89,en,Horror,wo87F-va410,https://www.youtube.com/watch?v=wo87F-va410,17784263,47272,5321,0.002658
639988,No Other Choice,2025-09-24,40223568,12200000,7.5,1115,9.1257,139,ko,"Comedy, Crime, Thriller",SK_DEabMNVg,https://www.youtube.com/watch?v=SK_DEabMNVg,120454,1346,42,0.011174
1151031,Bring Her Back,2025-05-19,39410222,15000000,7.346,1721,9.2954,104,en,Horror,1I15ttCedfY,https://www.youtube.com/watch?v=1I15ttCedfY,12393733,18637,924,0.001504
1071585,M3GAN 2.0,2025-06-25,39173710,15000000,7.2,1373,9.7468,120,en,"Action, Science Fiction, Thriller",1FeiTZMtwLA,https://www.youtube.com/watch?v=1FeiTZMtwLA,3828723,56480,4260,0.014752
1214931,Nuremberg,2025-11-06,37009109,11800000,7.6,1134,10.6437,149,en,"History, Drama",YWlCCVnZ4bo,https://www.youtube.com/watch?v=YWlCCVnZ4bo,1307800,2721,497,0.002081
1084199,Companion,2025-01-22,36869122,10000000,7.0,2346,10.0238,97,en,"Horror, Science Fiction, Thriller",Qr_kX0D3DNA,https://www.youtube.com/watch?v=Qr_kX0D3DNA,20606822,58568,3033,0.002842
1241436,Warfare,2025-04-09,34902602,20000000,7.082,1476,9.4845,95,en,"War, Action",JER0Fkyy3tw,https://www.youtube.com/watch?v=JER0Fkyy3tw,25517525,183450,12722,0.007189
1242419,Roofman,2025-10-06,34852212,18000000,7.085,842,6.9208,126,en,"Crime, Comedy, Drama",IHikM7vFXsA,https://www.youtube.com/watch?v=IHikM7vFXsA,616133,4722,245,0.007664
1242011,Together,2025-07-14,34747399,17000000,6.925,1187,10.2378,102,en,"Horror, Romance",9bqIwMH3En8,https://www.youtube.com/watch?v=9bqIwMH3En8,1682876,6514,443,0.003871
1195506,Novocaine,2025-03-03,34536061,18000000,6.783,1623,6.6354,110,en,"Action, Comedy, Thriller",99BLnkAlC1M,https://www.youtube.com/watch?v=99BLnkAlC1M,4131617,8791,360,0.002128
1290190,Lokah Chapter 1: Chandra,2025-08-28,34242894,3379386,7.17,56,9.6697,151,ml,"Action, Adventure, Fantasy",64XHtNWTB5o,https://www.youtube.com/watch?v=64XHtNWTB5o,16087459,198545,6416,0.012342
365177,Borderlands,2024-08-07,33017367,115000000,5.59,1503,7.6632,101,en,"Action, Science Fiction, Comedy",Icnysn53neU,https://www.youtube.com/watch?v=Icnysn53neU,2168780,11074,3737,0.005106
1368314,Passenger,2026-05-20,31002808,15000000,6.216,74,13.9105,94,en,"Horror, Thriller",eNIn8kW1kyE,https://www.youtube.com/watch?v=eNIn8kW1kyE,11965793,47562,2158,0.003975
1280738,The Furious,2026-06-10,30832853,20000000,7.7,62,159.8737,113,zh,"Action, Crime",Avky8dVaqAI,https://www.youtube.com/watch?v=Avky8dVaqAI,8741840,112726,7102,0.012895
1515899,Billie Eilish - Hit Me Hard and Soft: The Tour (Live in 3D),2026-05-06,26721893,20000000,7.5,23,8.0719,114,en,"Music, Documentary",9ElURjcuWLQ,https://www.youtube.com/watch?v=9ElURjcuWLQ,271030,6074,259,0.022411
1291335,Solo Mio,2026-02-05,26400616,4000000,7.152,168,8.4655,96,en,"Romance, Comedy",433MYSlERJo,https://www.youtube.com/watch?v=433MYSlERJo,11352716,23970,1619,0.002111
803796,KPop Demon Hunters,2025-06-20,24619953,100000000,8.016,2922,36.3148,96,en,"Fantasy, Music, Comedy, Animation",AzCAwdp1uIQ,https://www.youtube.com/watch?v=AzCAwdp1uIQ,26164024,280523,0,0.010722
957452,The Crow,2024-08-21,24109036,50000000,5.791,1288,6.5213,111,en,"Action, Fantasy, Horror",4CLE3pWAAr8,https://www.youtube.com/watch?v=4CLE3pWAAr8,1257842,659,55,0.000524
1159831,The Bride!,2026-03-04,23944025,80000000,6.2,538,13.4484,127,en,"Science Fiction, Horror, Fantasy",-oLJmEFK14k,https://www.youtube.com/watch?v=-oLJmEFK14k,10731,191,16,0.017799
1122573,In the Grey,2026-05-13,23738074,70000000,6.644,268,113.3439,97,en,"Action, Thriller",nufP15iN4GE,https://www.youtube.com/watch?v=nufP15iN4GE,11541624,58587,2361,0.005076
1430077,Hokum,2026-04-29,23563104,5000000,6.9,385,82.1698,107,en,Horror,qU_i5e48KzQ,https://www.youtube.com/watch?v=qU_i5e48KzQ,1081928,5832,319,0.00539
799766,Better Man,2024-12-06,22549151,110000000,7.6,861,6.9173,135,en,"Music, Drama",KVeH5T4wxkE,https://www.youtube.com/watch?v=KVeH5T4wxkE,10311963,22154,3287,0.002148
1124566,Sentimental Value,2025-08-20,22000000,7800000,7.5,946,7.8966,133,no,Drama,zBFstFXdk90,https://www.youtube.com/watch?v=zBFstFXdk90,1211362,2256,80,0.001862
1455079,"You, Me & Tuscany",2026-04-09,21739390,18000000,7.459,86,6.5027,105,en,"Romance, Comedy",uYTMroh8pjI,https://www.youtube.com/watch?v=uYTMroh8pjI,3850373,489,34,0.000127
1480387,undertone,2026-03-12,21602976,500000,6.1,275,25.4442,94,en,"Horror, Mystery",1fCZhJMkBaY,https://www.youtube.com/watch?v=1fCZhJMkBaY,266425,379,18,0.001423
467905,How to Make a Killing,2026-02-16,21336094,15000000,7.016,483,16.3954,105,en,"Comedy, Thriller",B7RslMKZ2Yc,https://www.youtube.com/watch?v=B7RslMKZ2Yc,133761,499,31,0.003731
1336770,Vaazha II,2026-04-02,21181760,1079884,7.318,11,8.418,162,ml,"Comedy, Drama",PYI_dy23AuY,https://www.youtube.com/watch?v=PYI_dy23AuY,2196628,17731,536,0.008072
1022453,The Rajasaab,2026-01-08,21000000,50000000,5.226,31,9.071,186,te,"Comedy, Horror, Fantasy, Action",YFZMBqyXkqQ,https://www.youtube.com/watch?v=YFZMBqyXkqQ,15072812,402267,9983,0.026688
1213898,Border 2,2026-01-23,21000000,33000000,7.111,27,21.5066,201,hi,"Action, Drama, War",nvmc2ECk8Lo,https://www.youtube.com/watch?v=nvmc2ECk8Lo,64834412,695118,40075,0.010721
1239134,Bhooth Bangla,2026-04-16,20000000,14000000,5.6,40,275.9877,163,hi,"Horror, Comedy",XW1RkKiRnsg,https://www.youtube.com/watch?v=XW1RkKiRnsg,56050871,434615,20387,0.007754
1292695,They Will Kill You,2026-03-25,19382152,20000000,7.023,820,35.8095,94,en,"Horror, Comedy, Action",s0PGrtw0X1Q,https://www.youtube.com/watch?v=s0PGrtw0X1Q,10349132,3488,288,0.000337
823219,Flow,2024-08-29,17660107,3700000,8.083,2873,15.6946,85,lv,"Adventure, Animation, Family, Fantasy",shsVQvHUTxw,https://www.youtube.com/watch?v=shsVQvHUTxw,272488,4186,148,0.015362
1153714,Death of a Unicorn,2025-03-17,16423085,15000000,6.4,839,6.7981,107,en,"Horror, Fantasy, Comedy",aQOle3MHnGs,https://www.youtube.com/watch?v=aQOle3MHnGs,252047,355,21,0.001408
1247165,Raja Shivaji,2026-05-01,15600000,9000000,9.0,1,14.7605,195,mr,"Action, History, Drama",3CXt4GtjLmc,https://www.youtube.com/watch?v=3CXt4GtjLmc,21030683,124781,5390,0.005933
1317149,I Swear,2025-09-22,15564405,3730000,8.23,363,11.6736,121,en,"Drama, History",10ynpduiRpM,https://www.youtube.com/watch?v=10ynpduiRpM,496116,386,26,0.000778
1110034,Kraken,2026-02-06,14329678,1000000,6.416,172,31.4333,94,no,"Horror, Action, Thriller",EUTatY1-oBI,https://www.youtube.com/watch?v=EUTatY1-oBI,651293,3389,236,0.005203
1268127,Humint,2026-02-11,13207600,16000000,7.484,152,13.0787,120,ko,"Thriller, Action, Drama",n6scQ_ds0x8,https://www.youtube.com/watch?v=n6scQ_ds0x8,460682,3584,156,0.00778
1244492,Look Back,2024-06-28,12648664,0,8.126,575,8.005,58,ja,"Animation, Drama",X2aE3DtSO98,https://www.youtube.com/watch?v=X2aE3DtSO98,375225,4744,120,0.012643
1194963,Noise,2025-06-25,12199988,0,6.821,84,7.0425,95,ko,"Horror, Thriller",lptFuq1LG7g,https://www.youtube.com/watch?v=lptFuq1LG7g,58189,32,2,0.00055
1033148,Die My Love,2025-10-06,11745933,0,6.1,555,7.2151,119,en,Drama,2jzXHW6Qe70,https://www.youtube.com/watch?v=2jzXHW6Qe70,12274913,20744,982,0.00169
1404791,Dollhouse,2025-06-13,11547839,0,7.639,101,15.0444,110,ja,"Horror, Mystery",BETzErclqok,https://www.youtube.com/watch?v=BETzErclqok,2553047,14660,1087,0.005742
1318413,Pressure,2026-05-25,11301450,80000000,7.6,88,58.6223,101,en,"Thriller, History, War",EBh1LGRwiis,https://www.youtube.com/watch?v=EBh1LGRwiis,44414,74,5,0.001666
1151272,Sirāt,2025-06-06,10445082,7000000,6.86,685,6.7275,115,es,"Drama, Thriller",3_9OkHX8ZiA,https://www.youtube.com/watch?v=3_9OkHX8ZiA,496809,5958,257,0.011993
1440050,The Breadwinner,2026-05-29,10437968,25000000,5.857,7,6.539,100,en,"Comedy, Family",m76VzoDfQWQ,https://www.youtube.com/watch?v=m76VzoDfQWQ,12861504,2526,373,0.000196
1223601,Sisu: Road to Revenge,2025-10-21,9811703,12200000,7.311,803,13.589,89,fi,"Action, War, Thriller",VmStqCXIgio,https://www.youtube.com/watch?v=VmStqCXIgio,4299009,73211,4740,0.01703
1119449,"Good Luck, Have Fun, Don't Die",2026-02-13,9755038,20000000,7.034,611,21.5005,134,en,"Science Fiction, Action, Comedy",Nm4WbapDzDQ,https://www.youtube.com/watch?v=Nm4WbapDzDQ,15939398,36470,1986,0.002288
1227877,I Love Boosters,2026-05-21,9204473,20000000,5.9,48,34.3098,113,en,"Comedy, Science Fiction, Crime",I1xZegSgN8w,https://www.youtube.com/watch?v=I1xZegSgN8w,9539440,15597,949,0.001635
1010755,The Strangers: Chapter 3,2026-02-05,9191988,8500000,5.792,216,14.2177,92,en,"Horror, Thriller",B2fZEIHamVs,https://www.youtube.com/watch?v=B2fZEIHamVs,6131999,10376,1034,0.001692
1131759,Omniscient Reader: The Prophecy,2025-07-23,9187679,0,7.082,98,6.508,120,ko,"Action, Adventure, Fantasy",iglaBnDKG2c,https://www.youtube.com/watch?v=iglaBnDKG2c,107668,909,72,0.008443
1300501,Patriot,2026-05-01,7700000,15000000,7.1,10,14.5044,177,ml,"Action, Drama, Thriller",XTc2dLAgABI,https://www.youtube.com/watch?v=XTc2dLAgABI,184498,1487,32,0.00806
1291659,The Wizard of the Kremlin,2026-01-21,7606890,0,6.551,195,8.3735,136,fr,Drama,U7ctYp3zQVA,https://www.youtube.com/watch?v=U7ctYp3zQVA,811064,1480,317,0.001825
1195430,Deva,2025-01-31,6705000,5882000,6.032,63,8.5035,155,hi,"Action, Thriller, Mystery, Crime",DBCy-fo9eSQ,https://www.youtube.com/watch?v=DBCy-fo9eSQ,926906,7633,319,0.008235
1357633,Solo Leveling -ReAwakening-,2024-11-26,6331827,0,7.16,272,17.5914,116,ja,"Action, Adventure, Fantasy, Animation",UdIXUDpeTXU,https://www.youtube.com/watch?v=UdIXUDpeTXU,1557105,34138,1058,0.021924
1242332,Normal,2026-04-16,5978949,10000000,6.435,178,16.5596,91,en,"Action, Crime, Thriller",5OndK0w1lYY,https://www.youtube.com/watch?v=5OndK0w1lYY,6009540,20080,1297,0.003341
1160018,Kill,2024-07-03,5600000,4800000,7.128,500,7.5625,105,hi,"Action, Crime, Thriller, Drama",da7lKeeS67c,https://www.youtube.com/watch?v=da7lKeeS67c,6975619,76239,2779,0.010929
1284120,The Ugly Stepsister,2025-03-07,5325096,4250000,7.324,1198,8.1996,109,no,"Horror, Comedy, Drama",5vZ1_Yxjwzs,https://www.youtube.com/watch?v=5vZ1_Yxjwzs,917459,4147,238,0.00452
1193501,Whistle,2026-01-20,4987632,2000000,6.323,485,14.9741,100,en,"Horror, Mystery",-O5DgGQJeks,https://www.youtube.com/watch?v=-O5DgGQJeks,2298448,2189,178,0.000952
1380316,Is God Is,2026-05-14,4857896,14800000,6.2,48,7.5171,100,en,"Drama, Thriller",pgtdkuNFoKk,https://www.youtube.com/watch?v=pgtdkuNFoKk,14178699,15174,1102,0.00107
1029281,Strange Darling,2024-08-14,4853595,4000000,6.9,939,6.4896,97,en,"Horror, Thriller",F_F3f_Fqtrc,https://www.youtube.com/watch?v=F_F3f_Fqtrc,794305,370,43,0.000466
1146058,The Pout-Pout Fish,2026-01-01,4834402,10000000,5.8,10,27.8327,91,en,"Animation, Family, Adventure, Comedy",NhQfp1eITTY,https://www.youtube.com/watch?v=NhQfp1eITTY,349543,1046,0,0.002992
324544,In the Lost Lands,2025-02-27,4755330,55000000,6.368,826,6.9917,101,en,"Action, Fantasy, Western",CMyrp5Vk3mU,https://www.youtube.com/watch?v=CMyrp5Vk3mU,3902993,14115,1645,0.003616
1564614,Leviticus,2026-06-17,4654180,3500000,7.1,19,45.9813,88,en,"Horror, Romance",WXuK0vlFxII,https://www.youtube.com/watch?v=WXuK0vlFxII,3372861,19080,1571,0.005657
696393,Cold Storage,2026-01-22,4048606,10000000,6.778,533,8.9494,99,en,"Horror, Science Fiction, Comedy",kea7gnh1uYA,https://www.youtube.com/watch?v=kea7gnh1uYA,3234174,68849,2880,0.021288
812583,Wake Up Dead Man: A Knives Out Mystery,2025-11-26,4000000,210000000,7.206,2563,9.9987,145,en,"Thriller, Mystery, Comedy",0hc8yz5-d5Y,https://www.youtube.com/watch?v=0hc8yz5-d5Y,6421535,72524,2761,0.011294
1198984,We Bury the Dead,2026-01-01,3745163,0,6.062,266,9.6822,95,en,"Horror, Thriller",YmPyNvrzF0A,https://www.youtube.com/watch?v=YmPyNvrzF0A,70894,128,14,0.001806
1598785,Milky☆Subway: The Galactic Limited Express - the Movie,2026-02-06,3700000,0,9.3,26,22.5773,46,ja,"Animation, Action, Adventure, Comedy, Science Fiction",5aYkjZYbWX8,https://www.youtube.com/watch?v=5aYkjZYbWX8,123875,9339,363,0.075391
1557848,The Sleeper,2025-10-29,3700000,0,6.0,5,6.6616,123,tr,"Action, Thriller, Drama",hvHw1VbVQkM,https://www.youtube.com/watch?v=hvHw1VbVQkM,25062,116,13,0.004629
1511417,Bāhubali: The Epic,2025-10-29,3500000,65000000,6.2,39,10.2689,224,te,"Action, Drama",q8nbZbHRcEg,https://www.youtube.com/watch?v=q8nbZbHRcEg,2405621,15297,642,0.006359
1367220,Karuppu,2026-05-14,3345079,16000000,6.7,18,162.1811,152,ta,"Action, Fantasy",vH0Q5t_JUng,https://www.youtube.com/watch?v=vH0Q5t_JUng,10456538,100228,1695,0.009585
1035048,Elevation,2024-11-07,3300000,18000000,6.417,996,7.0779,91,en,"Action, Science Fiction, Thriller",N7pZthBBLOA,https://www.youtube.com/watch?v=N7pZthBBLOA,175963,91,5,0.000517
1284465,The Death of Robin Hood,2026-06-18,3200000,25000000,6.464,28,24.6701,123,en,"Drama, Thriller, Action",tlSDDuWxO_0,https://www.youtube.com/watch?v=tlSDDuWxO_0,9792273,74459,5663,0.007604
1102883,Mother Mary,2026-04-16,2980376,20000000,5.7,89,8.1347,112,en,"Music, Drama, Thriller",aqYHOsuje1E,https://www.youtube.com/watch?v=aqYHOsuje1E,401204,4913,324,0.012246
1242265,Fuze,2026-03-23,2890908,45000000,6.4,135,13.839,96,en,"Action, Crime, Drama, Thriller",1aNywiElPSY,https://www.youtube.com/watch?v=1aNywiElPSY,164953,362,19,0.002195
1497970,Tom and Jerry: Forbidden Compass,2025-08-02,2730116,0,6.667,48,7.5134,99,zh,"Animation, Comedy, Family, Fantasy, Adventure",VBPlpfK6zXg,https://www.youtube.com/watch?v=VBPlpfK6zXg,12692,59,0,0.004649
1119090,I Am Frankelda,2025-10-23,2709440,0,8.3,94,7.4427,104,es,"Animation, Fantasy, Horror, Adventure, Family",diRwnGRr-Ko,https://www.youtube.com/watch?v=diRwnGRr-Ko,557431,29178,1195,0.052344
855435,Faces of Death,2026-04-10,2610000,7400000,5.5,90,9.0237,97,en,Horror,bKiX2FBBz54,https://www.youtube.com/watch?v=bKiX2FBBz54,87963,1084,122,0.012323
1642859,Iron Maiden: Burning Ambition,2026-05-07,2547000,0,7.278,18,11.6774,105,en,"Documentary, Music",pD_H2u79tp0,https://www.youtube.com/watch?v=pD_H2u79tp0,212788,4420,212,0.020772
1107166,Psycho Killer,2026-02-19,2376805,10000000,6.2,104,7.3827,91,en,"Crime, Horror, Mystery",pwq8gwdVxts,https://www.youtube.com/watch?v=pwq8gwdVxts,1345048,19446,1286,0.014457
1127384,Deep Water,2026-04-30,2286163,0,6.164,61,246.8139,107,en,"Thriller, Horror",f0ptq0Lzdh8,https://www.youtube.com/watch?v=f0ptq0Lzdh8,16746786,5104,640,0.000305
1252309,Tell Me What You Want,2024-11-29,2265661,0,6.131,293,14.725,114,es,"Romance, Drama",MzNbhA4WFqg,https://www.youtube.com/watch?v=MzNbhA4WFqg,120349,189,3,0.00157
1390300,Over Your Dead Body,2026-03-14,2055131,0,6.554,327,46.5182,105,en,"Action, Comedy, Thriller",pGxKTIegUZ4,https://www.youtube.com/watch?v=pGxKTIegUZ4,3862895,6761,610,0.00175
1383731,Protector,2026-02-20,1969113,0,8.54,354,23.5234,90,en,"Action, Thriller",IRKGIuL3728,https://www.youtube.com/watch?v=IRKGIuL3728,157371,133,11,0.000845
1397485,Girls Like Girls,2026-06-18,1913765,0,6.7,10,19.7281,95,en,"Romance, Drama",ZC1kEknG2ro,https://www.youtube.com/watch?v=ZC1kEknG2ro,9319276,55575,2465,0.005963
1340206,Tuner,2026-05-21,1896557,7000000,7.161,93,64.7627,108,en,"Thriller, Crime, Drama",XiehvETTjTQ,https://www.youtube.com/watch?v=XiehvETTjTQ,41891,42,0,0.001003
1216191,Oddity,2024-07-19,1850519,0,6.675,799,7.4453,98,en,"Horror, Mystery",ktIqbb0TS7s,https://www.youtube.com/watch?v=ktIqbb0TS7s,278332,224,28,0.000805
1406657,Scarlet,2025-11-21,1730000,0,7.276,105,7.671,112,ja,"Animation, Action, Drama, Science Fiction",J_jm2YZ8pYU,https://www.youtube.com/watch?v=J_jm2YZ8pYU,833597,940,63,0.001128
1359607,Miss Kobayashi's Dragon Maid: A lonely dragon wants to be loved,2025-06-27,1332039,0,8.679,53,7.4953,105,ja,"Animation, Comedy, Fantasy",RgJW1y1_ig0,https://www.youtube.com/watch?v=RgJW1y1_ig0,159282,5683,339,0.035679
1125899,Cleaner,2025-02-19,1314073,0,6.371,540,7.3403,97,en,"Action, Thriller",c8sf0c-cjzQ,https://www.youtube.com/watch?v=c8sf0c-cjzQ,1472827,2045,460,0.001388
1470130,The Mortuary Assistant,2026-02-13,1300011,0,5.5,117,22.9894,91,en,"Horror, Mystery",YtY6JoPX5MU,https://www.youtube.com/watch?v=YtY6JoPX5MU,1178872,19532,0,0.016568
1307373,Wasteman,2026-02-20,1200343,0,7.202,57,8.5844,91,en,"Crime, Drama, Thriller",uaOextY7REM,https://www.youtube.com/watch?v=uaOextY7REM,773142,12981,481,0.01679
1235746,Dead of Winter,2025-09-23,1030111,0,6.384,374,8.0078,98,en,"Thriller, Action",klGRM4Qs-gk,https://www.youtube.com/watch?v=klGRM4Qs-gk,1644363,12857,872,0.007819
1673393,Krishnavataram Part 1: The Heart (Hridayam),2026-05-07,1000000,16000000,9.0,6,7.7786,149,hi,"Adventure, Romance, Drama",KIwC1m7etLE,https://www.youtube.com/watch?v=KIwC1m7etLE,13585218,211483,14280,0.015567
