id,title,release_date,revenue,budget,vote_average,vote_count,popularity,runtime,original_language,genres,youtube_key,trailer_url
980477,Ne Zha 2,2025-01-29,2259822417,80000000,8.162,727,38.1292,144,zh,"Animation, Action, Fantasy, Adventure",ETlOSBR92Fs,https://www.youtube.com/watch?v=ETlOSBR92Fs
1084242,Zootopia 2,2025-11-26,1868208796,150000000,7.668,2989,72.9283,108,en,"Animation, Adventure, Comedy, Mystery, Family",sEgPQ7HKoBA,https://www.youtube.com/watch?v=sEgPQ7HKoBA
83533,Avatar: Fire and Ash,2025-12-17,1490477656,350000000,7.6,3551,123.1454,198,en,"Science Fiction, Adventure, Fantasy",Ma1x7ikpid8,https://www.youtube.com/watch?v=Ma1x7ikpid8
533535,Deadpool & Wolverine,2024-07-24,1338073645,200000000,7.575,8817,34.3981,128,en,"Action, Comedy, Science Fiction",Idh8n5XuYIA,https://www.youtube.com/watch?v=Idh8n5XuYIA
1241982,Moana 2,2024-11-21,1059242164,150000000,7.008,3105,25.2422,100,en,"Adventure, Animation, Comedy, Family, Fantasy",JdSl4RMNtGE,https://www.youtube.com/watch?v=JdSl4RMNtGE
552524,Lilo & Stitch,2025-05-17,1038027526,100000000,7.2,2180,17.9205,108,en,"Family, Science Fiction, Comedy",VWqJifMMgZE,https://www.youtube.com/watch?v=VWqJifMMgZE
1226863,The Super Mario Galaxy Movie,2026-04-01,1007512277,110000000,8.226,2809,181.1445,98,en,"Family, Comedy, Adventure, Fantasy, Animation",En5QZmL5R1s,https://www.youtube.com/watch?v=En5QZmL5R1s
950387,A Minecraft Movie,2025-03-31,960387780,150000000,6.3,3051,26.5346,101,en,"Family, Fantasy, Comedy, Adventure",aSh_L6bvaCQ,https://www.youtube.com/watch?v=aSh_L6bvaCQ
936075,Michael,2026-04-22,942262159,250000000,8.692,2991,375.7553,128,en,"Music, Drama",k-YAcjaLuSI,https://www.youtube.com/watch?v=k-YAcjaLuSI
1234821,Jurassic World Rebirth,2025-06-23,869146189,180000000,6.3,3443,29.3721,134,en,"Science Fiction, Adventure, Action",2ZhB-YO5Tnk,https://www.youtube.com/watch?v=2ZhB-YO5Tnk
402431,Wicked,2024-10-16,758827029,150000000,6.906,3067,16.6351,162,en,"Drama, Romance, Fantasy",pqi45Qhq3CI,https://www.youtube.com/watch?v=pqi45Qhq3CI
1311031,Demon Slayer: Kimetsu no Yaiba Infinity Castle,2025-07-18,733030221,20000000,7.727,874,108.3473,156,ja,"Animation, Action, Fantasy",EpAlHmuA2YM,https://www.youtube.com/watch?v=EpAlHmuA2YM
762509,Mufasa: The Lion King,2024-12-18,722631756,200000000,7.303,2685,16.5008,118,en,"Adventure, Family, Animation",lMXh6vjiZrI,https://www.youtube.com/watch?v=lMXh6vjiZrI
687163,Project Hail Mary,2026-03-15,683349773,200000000,8.691,5373,130.2689,157,en,"Science Fiction, Adventure",NKYea63tQmI,https://www.youtube.com/watch?v=NKYea63tQmI
1314481,The Devil Wears Prada 2,2026-04-29,677702888,100000000,6.546,835,35.0268,119,en,"Comedy, Drama",PMd1at7OwiE,https://www.youtube.com/watch?v=PMd1at7OwiE
1087192,How to Train Your Dragon,2025-06-06,636351148,150000000,7.93,2892,23.0102,125,en,"Fantasy, Family, Action, Adventure",OWEq2Pf8qpk,https://www.youtube.com/watch?v=OWEq2Pf8qpk
911430,F1,2025-06-25,634142436,300000000,7.803,4132,31.9876,156,en,"Action, Drama",ge_ABjtYx88,https://www.youtube.com/watch?v=ge_ABjtYx88
1061474,Superman,2025-07-09,618723803,225000000,7.3,4928,39.068,130,en,"Science Fiction, Adventure, Action",MikgqM0LXr4,https://www.youtube.com/watch?v=MikgqM0LXr4
575265,Mission: Impossible - The Final Reckoning,2025-05-17,598767057,400000000,7.168,2882,27.202,170,en,"Action, Thriller, Adventure",G1VBfMCZVkw,https://www.youtube.com/watch?v=G1VBfMCZVkw
967941,Wicked: For Good,2025-11-19,539042601,150000000,6.6,1038,11.2423,137,en,"Fantasy, Adventure, Romance",R2Xubj7lazE,https://www.youtube.com/watch?v=R2Xubj7lazE
1038392,The Conjuring: Last Rites,2025-09-03,499256445,55000000,6.935,1908,29.8247,136,en,Horror,p4aWdkM5xF8,https://www.youtube.com/watch?v=p4aWdkM5xF8
939243,Sonic the Hedgehog 3,2024-12-19,492162604,122000000,7.615,3314,22.7433,110,en,"Action, Science Fiction, Comedy, Family",LH1J1EbqCaI,https://www.youtube.com/watch?v=LH1J1EbqCaI
912649,Venom: The Last Dance,2024-10-22,478937618,120000000,6.676,4271,19.7354,109,en,"Science Fiction, Action, Adventure",FKBN1qAzW3s,https://www.youtube.com/watch?v=FKBN1qAzW3s
558449,Gladiator II,2024-11-13,462180717,310000000,6.6,4485,11.6411,148,en,"Action, Adventure, Drama",TQwSz88ITAE,https://www.youtube.com/watch?v=TQwSz88ITAE
917496,Beetlejuice Beetlejuice,2024-09-04,452000435,99000000,6.932,3143,8.3077,105,en,"Comedy, Fantasy, Horror",xnbAxOEiMis,https://www.youtube.com/watch?v=xnbAxOEiMis
822119,Captain America: Brave New World,2025-02-12,415101577,180000000,5.969,3134,13.6338,119,en,"Action, Thriller, Science Fiction",5PSzFLV-EyQ,https://www.youtube.com/watch?v=5PSzFLV-EyQ
1368166,The Housemaid,2025-12-18,399644671,35000000,7.267,2496,52.5087,131,en,"Mystery, Thriller",BqWH0KDqm3U,https://www.youtube.com/watch?v=BqWH0KDqm3U
986056,Thunderbolts*,2025-04-30,382436917,180000000,7.291,3600,16.236,127,en,"Action, Science Fiction, Adventure",7rs_HhSA7XY,https://www.youtube.com/watch?v=7rs_HhSA7XY
718821,Twisters,2024-07-10,372262265,155000000,6.775,3018,6.4624,123,en,"Action, Thriller",AZbEi95SuMg,https://www.youtube.com/watch?v=AZbEi95SuMg
1327819,Hoppers,2026-03-04,372010783,150000000,8.197,1719,101.2632,104,en,"Adventure, Animation, Comedy, Family, Science Fiction",PypDSyIRRSs,https://www.youtube.com/watch?v=PypDSyIRRSs
1233413,Sinners,2025-04-16,370000000,100000000,7.497,4671,26.8581,138,en,"Horror, Action, Thriller",l2h2lC0vlX4,https://www.youtube.com/watch?v=l2h2lC0vlX4
1084244,Toy Story 5,2026-06-17,366656204,250000000,7.443,299,306.5614,102,en,"Animation, Family, Comedy, Adventure",QftAW9TTmuQ,https://www.youtube.com/watch?v=QftAW9TTmuQ
1079091,It Ends with Us,2024-08-07,351441044,55000000,6.945,1967,7.0908,131,en,"Drama, Romance",r-GQvSc5ZGw,https://www.youtube.com/watch?v=r-GQvSc5ZGw
945961,Alien: Romulus,2024-08-13,350865342,80000000,7.2,4596,11.0785,119,en,"Horror, Science Fiction",x0XDEhP4MQs,https://www.youtube.com/watch?v=x0XDEhP4MQs
1339713,Obsession,2026-05-13,339224215,750000,7.9,979,526.463,108,en,"Horror, Thriller",gMC8kkwbIQQ,https://www.youtube.com/watch?v=gMC8kkwbIQQ
1184918,The Wild Robot,2024-09-12,331982078,78000000,8.314,6183,30.633,102,en,"Family, Animation, Science Fiction, Adventure",VUCNBAmse04,https://www.youtube.com/watch?v=VUCNBAmse04
1228710,The Mandalorian and Grogu,2026-05-20,323364088,165000000,6.7,522,187.8376,132,en,"Action, Adventure, Science Fiction",uwild1rw7Aw,https://www.youtube.com/watch?v=uwild1rw7Aw
574475,Final Destination Bloodlines,2025-05-14,317854739,50000000,7.038,2897,18.676,110,en,"Horror, Mystery",xitSoRbHJ50,https://www.youtube.com/watch?v=xitSoRbHJ50
1083381,Backrooms,2026-05-27,301819646,10000000,6.9,729,108.5329,111,en,"Horror, Mystery, Science Fiction",0HjdiohVOik,https://www.youtube.com/watch?v=0HjdiohVOik
1078605,Weapons,2025-08-04,269972492,38000000,7.257,3514,17.3809,128,en,"Horror, Mystery",QKHySfXqN0I,https://www.youtube.com/watch?v=QKHySfXqN0I
762441,A Quiet Place: Day One,2024-06-26,261907653,67000000,6.642,3385,8.1175,100,en,"Horror, Science Fiction, Thriller",E-WIb4ATfT8,https://www.youtube.com/watch?v=E-WIb4ATfT8
425274,Now You See Me: Now You Don't,2025-11-12,243700000,90000000,6.5,1589,26.4864,112,en,"Crime, Thriller",lLWESUfW-0A,https://www.youtube.com/watch?v=lLWESUfW-0A
1175942,The Bad Guys 2,2025-07-24,239676236,80000000,7.652,801,14.6989,104,en,"Family, Comedy, Crime, Adventure, Animation",HvLHYox_Vq8,https://www.youtube.com/watch?v=HvLHYox_Vq8
1228246,Five Nights at Freddy's 2,2025-12-03,239568877,36000000,6.639,1001,19.5883,104,en,"Horror, Thriller",NQypHE9_Fm4,https://www.youtube.com/watch?v=NQypHE9_Fm4
1159559,Scream 7,2026-02-25,213835967,45000000,6.191,1074,46.9465,114,en,"Horror, Mystery, Crime",4g8OciWNJn4,https://www.youtube.com/watch?v=4g8OciWNJn4
1054867,One Battle After Another,2025-09-23,209377100,175000000,7.4,3826,15.8759,162,en,"Thriller, Crime, Comedy",u6GVb4p7oD4,https://www.youtube.com/watch?v=u6GVb4p7oD4
889737,Joker: Folie à Deux,2024-10-01,207500287,190000000,5.403,2944,7.6054,138,en,"Drama, Crime, Thriller",fiqqAI0e4Nc,https://www.youtube.com/watch?v=fiqqAI0e4Nc
447273,Snow White,2025-03-19,205679463,271600000,4.301,1657,13.9842,109,en,"Family, Fantasy",KsSoo5K8CpA,https://www.youtube.com/watch?v=KsSoo5K8CpA
1273221,Scary Movie,2026-06-03,204299766,30000000,5.5,350,63.3615,96,en,"Comedy, Horror",cGgWAHXuTKc,https://www.youtube.com/watch?v=cGgWAHXuTKc
1297842,GOAT,2026-02-11,193566330,90000000,8.116,835,62.7357,100,en,"Animation, Comedy, Family",kmY-rYS7yng,https://www.youtube.com/watch?v=kmY-rYS7yng
1218925,Chainsaw Man - The Movie: Reze Arc,2025-09-19,191400000,4100000,8.436,958,25.6793,100,ja,"Animation, Action, Romance, Fantasy",GJ1jrCnm-t8,https://www.youtube.com/watch?v=GJ1jrCnm-t8
1218925,Chainsaw Man - The Movie: Reze Arc,2025-09-19,191400000,4100000,8.436,958,25.6793,100,ja,"Animation, Action, Romance, Fantasy",GJ1jrCnm-t8,https://www.youtube.com/watch?v=GJ1jrCnm-t8
1317288,Marty Supreme,2025-12-19,191303074,65000000,7.384,1878,14.3179,150,en,"Drama, Thriller",s9gSuKaKcqM,https://www.youtube.com/watch?v=s9gSuKaKcqM
845781,Red One,2024-10-31,185700759,250000000,6.983,3057,11.5332,124,en,"Action, Comedy, Fantasy",7l3hfD74X-4,https://www.youtube.com/watch?v=7l3hfD74X-4
1242898,Predator: Badlands,2025-11-05,184500000,105000000,7.8,3159,46.3397,107,en,"Action, Science Fiction, Adventure",LkBqjfg8TGM,https://www.youtube.com/watch?v=LkBqjfg8TGM
426063,Nosferatu,2024-12-25,181805645,50000000,6.7,3703,9.5848,133,en,"Horror, Fantasy",nulvWqYUM8k,https://www.youtube.com/watch?v=nulvWqYUM8k
1419406,The Shadow's Edge,2025-08-16,174400000,0,7.815,897,92.7369,142,zh,"Action, Crime, Drama, Thriller",xvmADAJOoCg,https://www.youtube.com/watch?v=xvmADAJOoCg
1275779,Disclosure Day,2026-06-10,172717890,115000000,6.694,666,179.6537,145,en,"Science Fiction, Thriller",icDuEHSxE-w,https://www.youtube.com/watch?v=icDuEHSxE-w
991494,The SpongeBob Movie: Search for SquarePants,2025-12-16,163197450,64000000,6.85,307,20.1499,88,en,"Adventure, Animation, Comedy, Family, Fantasy",wS3mgDtELaU,https://www.youtube.com/watch?v=wS3mgDtELaU
1022787,Elio,2025-06-18,154291182,150000000,6.913,1012,13.9507,98,en,"Adventure, Animation, Comedy, Family, Science Fiction",yH5zbV7eweM,https://www.youtube.com/watch?v=yH5zbV7eweM
1125257,Freakier Friday,2025-08-06,153176952,42000000,6.8,718,12.9468,110,en,"Comedy, Fantasy, Family",IyJzhtJEtoU,https://www.youtube.com/watch?v=IyJzhtJEtoU
1582770,Dhurandhar: The Revenge,2026-03-18,152900759,14330000,7.341,123,113.9633,229,hi,"Action, Crime, Thriller",NHk7scrb_9I,https://www.youtube.com/watch?v=NHk7scrb_9I
1100988,28 Years Later,2025-06-18,151308832,60000000,6.61,2615,12.9739,115,en,"Horror, Thriller, Science Fiction",IYGG55qwQZQ,https://www.youtube.com/watch?v=IYGG55qwQZQ
533533,TRON: Ares,2025-10-08,142249983,220000000,6.496,1456,18.7805,119,en,"Science Fiction, Adventure, Action",gNa0j4mQo1k,https://www.youtube.com/watch?v=gNa0j4mQo1k
661539,A Complete Unknown,2024-12-25,140508652,65000000,7.068,1462,6.4288,141,en,"Drama, Music",ob4SHtT6cC0,https://www.youtube.com/watch?v=ob4SHtT6cC0
1100782,Smile 2,2024-10-16,138128854,28000000,6.59,2195,9.4881,127,en,"Horror, Music, Mystery, Thriller",FU_bAopCcSE,https://www.youtube.com/watch?v=FU_bAopCcSE
541671,Ballerina,2025-06-04,137408107,90000000,7.256,2682,18.2272,125,en,"Action, Thriller, Crime",b9Rr9ygb-ac,https://www.youtube.com/watch?v=b9Rr9ygb-ac
1291608,Dhurandhar,2025-12-05,136599112,24000000,7.268,311,61.856,214,hi,"Action, Crime, Thriller",o--C7AH5SuI,https://www.youtube.com/watch?v=o--C7AH5SuI
1234731,Anaconda,2025-12-24,135148320,45000000,5.882,1233,21.9577,100,en,"Adventure, Comedy, Horror",LFLyvzIZjK4,https://www.youtube.com/watch?v=LFLyvzIZjK4
696506,Mickey 17,2025-02-28,133542263,118000000,6.836,3626,12.2658,137,en,"Science Fiction, Comedy, Adventure",tA1s65o_kYM,https://www.youtube.com/watch?v=tA1s65o_kYM
1197137,Black Phone 2,2025-10-15,132675749,30000000,6.696,1166,13.3611,114,en,"Horror, Thriller",pWNucAcRoBY,https://www.youtube.com/watch?v=pWNucAcRoBY
1325734,The Drama,2026-04-01,132552559,28000000,6.97,1084,35.9875,105,en,"Romance, Comedy, Drama",0ZDzsH3XGFA,https://www.youtube.com/watch?v=0ZDzsH3XGFA
698687,Transformers One,2024-09-11,129408392,75000000,7.968,1648,8.7014,104,en,"Animation, Science Fiction, Adventure, Family",jaVcDaozGgc,https://www.youtube.com/watch?v=jaVcDaozGgc
931285,Mortal Kombat II,2026-05-06,129178875,80000000,7.993,1653,299.1988,116,en,"Action, Fantasy, Adventure",zva2PQ-ud5Y,https://www.youtube.com/watch?v=zva2PQ-ud5Y
1128650,The Prosecutor,2024-12-08,128093757,38500000,7.066,219,6.76,117,cn,"Action, Drama, Crime, Thriller",j5c13X9j_0o,https://www.youtube.com/watch?v=j5c13X9j_0o
1226578,Longlegs,2024-07-10,127961936,10000000,6.5,2693,8.2068,101,en,"Crime, Horror, Mystery",FXOtkvx25gI,https://www.youtube.com/watch?v=FXOtkvx25gI
936108,Smurfs,2025-06-30,124157356,58000000,5.781,267,8.9559,89,en,"Animation, Family, Fantasy",_N7kNc4-ZUg,https://www.youtube.com/watch?v=_N7kNc4-ZUg
1011477,Karate Kid: Legends,2025-05-08,117105466,45000000,6.998,1220,10.7807,94,en,"Action, Adventure, Drama",LhRXf-yEQqA,https://www.youtube.com/watch?v=LhRXf-yEQqA
1301421,The Sheep Detectives,2026-04-30,115953209,75000000,7.545,257,199.9905,115,en,"Comedy, Family, Mystery",826SRt1CFbg,https://www.youtube.com/watch?v=826SRt1CFbg
1321179,The King's Warden,2026-02-04,111782570,6900000,7.214,21,8.4581,117,ko,"History, Drama",YOWP0DiW8po,https://www.youtube.com/watch?v=YOWP0DiW8po
858024,Hamnet,2025-11-26,107756183,30000000,7.7,1405,13.0655,125,en,"Drama, Romance, History",xYcgQMxQwmk,https://www.youtube.com/watch?v=xYcgQMxQwmk
870028,The Accountant²,2025-04-23,103223366,80000000,7.086,1800,8.6871,133,en,"Mystery, Crime, Thriller",RwXDphhQ9Tg,https://www.youtube.com/watch?v=RwXDphhQ9Tg
1035259,The Naked Gun,2025-07-30,102147396,42000000,6.372,1767,10.3008,85,en,"Comedy, Action, Crime",uLguU7WLreA,https://www.youtube.com/watch?v=uLguU7WLreA
454639,Masters of the Universe,2026-06-03,101914098,200000000,7.2,301,109.0615,141,en,"Action, Fantasy, Science Fiction",rJSmz-zhDxE,https://www.youtube.com/watch?v=rJSmz-zhDxE
1087891,The Amateur,2025-04-09,96000836,60000000,6.941,1630,8.6489,123,en,"Thriller, Action",DCWcK4c-F8Q,https://www.youtube.com/watch?v=DCWcK4c-F8Q
1198994,Send Help,2026-01-22,94041481,40000000,7.046,1824,38.7887,113,en,"Horror, Thriller, Comedy",cOmnmFz_Uzs,https://www.youtube.com/watch?v=cOmnmFz_Uzs
1083637,Kantara - A Legend: Chapter 1,2025-10-01,91000000,14000000,7.128,86,14.2676,165,kn,"Action, Drama, Fantasy",TMQUFhWm8C0,https://www.youtube.com/watch?v=TMQUFhWm8C0
1327862,Regretting You,2025-10-22,90452948,30000000,7.009,436,8.9494,116,en,"Romance, Drama",qub8lZlVlho,https://www.youtube.com/watch?v=qub8lZlVlho
1304313,Lee Cronin's The Mummy,2026-04-15,90452113,22000000,8.024,1965,137.3105,133,en,"Horror, Mystery",6wbMsDmJLCs,https://www.youtube.com/watch?v=6wbMsDmJLCs
1034541,Terrifier 3,2024-10-09,90322103,2000000,6.8,1973,13.1677,125,en,Horror,0EDDtgWnSeY,https://www.youtube.com/watch?v=0EDDtgWnSeY
1197306,A Working Man,2025-03-26,89400711,40000000,6.697,1957,21.5788,116,en,"Action, Crime, Thriller",mdfrG2cLK58,https://www.youtube.com/watch?v=mdfrG2cLK58
1367642,Reminders of Him,2026-03-11,89039780,30000000,7.732,321,12.035,114,en,"Romance, Drama",i36Zw32GfRQ,https://www.youtube.com/watch?v=i36Zw32GfRQ
1168190,The Wrecking Crew,2026-01-28,89000000,78500000,7.029,1089,30.4552,125,en,"Action, Comedy, Crime, Mystery",v8R0xDczERo,https://www.youtube.com/watch?v=v8R0xDczERo
1167307,David,2025-12-14,85865995,60900000,8.1,151,21.0263,109,en,"Animation, Drama, Family, History",gWgyI6_lR0A,https://www.youtube.com/watch?v=gWgyI6_lR0A
1032823,Trap,2024-07-31,83677281,30000000,6.237,2870,7.0261,105,en,"Crime, Horror, Thriller",mps1HbpECIA,https://www.youtube.com/watch?v=mps1HbpECIA
1280282,Gabby's Dollhouse: The Movie,2025-09-13,80322142,32000000,6.8,80,7.6254,98,en,"Adventure, Animation, Comedy, Family, Fantasy",S-GFCPEWqe4,https://www.youtube.com/watch?v=S-GFCPEWqe4
933260,The Substance,2024-09-07,77316812,17500000,7.1,6094,21.776,141,en,"Horror, Science Fiction, Thriller",lR5nlovVgvQ,https://www.youtube.com/watch?v=lR5nlovVgvQ
1084736,The Count of Monte Cristo,2024-06-28,75360860,46000000,7.9,2041,8.5124,178,fr,"Adventure, Action, Drama",8Q6y1waxlTY,https://www.youtube.com/watch?v=8Q6y1waxlTY
1171145,Crime 101,2026-02-11,72900246,90000000,6.997,1104,35.4846,141,en,"Crime, Thriller",KeEHsuZ4Ja4,https://www.youtube.com/watch?v=KeEHsuZ4Ja4
798645,The Running Man,2025-11-11,69000000,110000000,6.782,1656,14.9439,133,en,"Action, Thriller, Science Fiction",_iHJHYjq7XI,https://www.youtube.com/watch?v=_iHJHYjq7XI
1124620,The Monkey,2025-02-10,68871071,10000000,5.994,1355,10.3516,97,en,"Horror, Comedy",KPxmK_ihDO8,https://www.youtube.com/watch?v=KPxmK_ihDO8
1144107,The Legend of Hei 2,2025-07-18,67216848,0,8.508,59,11.069,119,zh,"Animation, Fantasy, Action, Adventure",6t-uv2Vv_vA,https://www.youtube.com/watch?v=6t-uv2Vv_vA
1241634,Saiyaara,2025-07-18,63539300,5500000,6.402,143,16.205,150,hi,"Romance, Drama, Music",nF31d_f4n_A,https://www.youtube.com/watch?v=nF31d_f4n_A
604079,The Long Walk,2025-09-10,63103084,20000000,6.905,1580,11.2842,108,en,"Science Fiction, Thriller, Horror",Toj3Zxun7aQ,https://www.youtube.com/watch?v=Toj3Zxun7aQ
539972,Kraven the Hunter,2024-12-11,62076533,130000000,6.438,2364,13.5259,127,en,"Action, Adventure, Thriller",hR1-ihzff3I,https://www.youtube.com/watch?v=hR1-ihzff3I
1097549,Babygirl,2024-12-25,60934894,20000000,5.711,1218,9.224,115,en,"Romance, Thriller",9XXoNB0lVGo,https://www.youtube.com/watch?v=9XXoNB0lVGo
1272837,28 Years Later: The Bone Temple,2026-01-14,58522222,63000000,7.132,1327,28.5683,109,en,"Horror, Thriller, Science Fiction",rl_DJZCyEH4,https://www.youtube.com/watch?v=rl_DJZCyEH4
1064213,Anora,2024-10-14,56286295,6000000,7.1,3197,13.5476,139,en,"Drama, Comedy, Romance",8m6UrWMl18M,https://www.youtube.com/watch?v=8m6UrWMl18M
1232546,Until Dawn,2025-04-23,54105064,15000000,6.273,1453,9.7837,103,en,"Horror, Mystery",xR3lVHnh0Gg,https://www.youtube.com/watch?v=xR3lVHnh0Gg
1290821,Shelter,2026-01-28,53933639,50000000,7.685,1299,52.7413,107,en,"Action, Crime, Thriller",auHiLFjaIc0,https://www.youtube.com/watch?v=auHiLFjaIc0
1138194,Heretic,2024-10-31,51913394,10000000,6.973,2677,6.8674,111,en,"Thriller, Horror",jpWUOxRozZg,https://www.youtube.com/watch?v=jpWUOxRozZg
1116201,Iron Lung,2026-01-30,51226173,4000000,6.981,293,20.8522,125,en,"Horror, Mystery, Science Fiction",7qRf_f_bbUk,https://www.youtube.com/watch?v=7qRf_f_bbUk
549509,The Brutalist,2024-12-20,50145227,9600000,6.953,1676,7.9095,215,en,Drama,GdRXPAHIEW4,https://www.youtube.com/watch?v=GdRXPAHIEW4
1126166,Flight Risk,2025-01-22,48703174,25000000,5.9,1165,6.9831,91,en,"Action, Thriller",uaodj8Myt3A,https://www.youtube.com/watch?v=uaodj8Myt3A
680493,Return to Silent Hill,2026-01-21,47976996,23000000,5.388,661,18.7903,106,en,"Mystery, Drama, Horror",z10cMFhKbW8,https://www.youtube.com/watch?v=z10cMFhKbW8
680493,Return to Silent Hill,2026-01-21,47976996,23000000,5.388,661,18.7903,106,en,"Mystery, Drama, Horror",z10cMFhKbW8,https://www.youtube.com/watch?v=z10cMFhKbW8
840705,Blink Twice,2024-08-21,46393906,20000000,6.684,1927,7.2687,103,en,"Mystery, Thriller",jmCCQ80iAf8,https://www.youtube.com/watch?v=jmCCQ80iAf8
840464,Greenland 2: Migration,2026-01-07,44856736,90000000,6.4,1241,53.1073,98,en,"Adventure, Thriller, Science Fiction",hiD3zk0ZRFg,https://www.youtube.com/watch?v=hiD3zk0ZRFg
1539104,JUJUTSU KAISEN: Execution,2025-11-07,44457030,0,6.0,100,25.7233,88,ja,"Animation, Action, Fantasy",XeoQg5PVOLI,https://www.youtube.com/watch?v=XeoQg5PVOLI
1408208,Exit 8,2025-08-28,43891675,1400000,6.858,507,20.0529,95,ja,"Horror, Mystery",zzEDWwhtAHc,https://www.youtube.com/watch?v=zzEDWwhtAHc
1408208,Exit 8,2025-08-28,43891675,1400000,6.858,507,20.0529,95,ja,"Horror, Mystery",zzEDWwhtAHc,https://www.youtube.com/watch?v=zzEDWwhtAHc
1233575,Black Bag,2025-03-12,43887905,50000000,6.365,1258,6.9957,94,en,"Drama, Mystery, Thriller",n_56L6WzLT8,https://www.youtube.com/watch?v=n_56L6WzLT8
701387,Bugonia,2025-10-23,43500000,55000000,7.315,2014,9.1046,119,en,"Science Fiction, Thriller, Comedy",7VBigr-JHB0,https://www.youtube.com/watch?v=7VBigr-JHB0
1007734,Nobody 2,2025-08-13,43285109,25000000,6.931,1615,10.7916,89,en,"Action, Thriller, Comedy",UGOvEad8qd4,https://www.youtube.com/watch?v=UGOvEad8qd4
1246049,Dracula,2025-07-30,42404858,52000000,7.2,1289,40.0453,130,fr,"Horror, Fantasy, Romance",hverb7siYJ8,https://www.youtube.com/watch?v=hverb7siYJ8
1266127,Ready or Not: Here I Come,2026-03-19,42212563,14000000,7.702,1104,29.3275,108,en,"Thriller, Horror, Comedy",jczr0KCloXk,https://www.youtube.com/watch?v=jczr0KCloXk
1315303,Primate,2026-01-01,41235665,21000000,6.523,698,11.2677,89,en,Horror,wo87F-va410,https://www.youtube.com/watch?v=wo87F-va410
639988,No Other Choice,2025-09-24,40223568,12200000,7.5,1115,9.1257,139,ko,"Comedy, Crime, Thriller",SK_DEabMNVg,https://www.youtube.com/watch?v=SK_DEabMNVg
1151031,Bring Her Back,2025-05-19,39410222,15000000,7.346,1721,9.2954,104,en,Horror,1I15ttCedfY,https://www.youtube.com/watch?v=1I15ttCedfY
1071585,M3GAN 2.0,2025-06-25,39173710,15000000,7.2,1373,9.7468,120,en,"Action, Science Fiction, Thriller",1FeiTZMtwLA,https://www.youtube.com/watch?v=1FeiTZMtwLA
1214931,Nuremberg,2025-11-06,37009109,11800000,7.6,1134,10.6437,149,en,"History, Drama",YWlCCVnZ4bo,https://www.youtube.com/watch?v=YWlCCVnZ4bo
1084199,Companion,2025-01-22,36869122,10000000,7.0,2346,10.0238,97,en,"Horror, Science Fiction, Thriller",Qr_kX0D3DNA,https://www.youtube.com/watch?v=Qr_kX0D3DNA
1241436,Warfare,2025-04-09,34902602,20000000,7.082,1476,9.4845,95,en,"War, Action",JER0Fkyy3tw,https://www.youtube.com/watch?v=JER0Fkyy3tw
1242419,Roofman,2025-10-06,34852212,18000000,7.085,842,6.9208,126,en,"Crime, Comedy, Drama",IHikM7vFXsA,https://www.youtube.com/watch?v=IHikM7vFXsA
1242011,Together,2025-07-14,34747399,17000000,6.925,1187,10.2378,102,en,"Horror, Romance",9bqIwMH3En8,https://www.youtube.com/watch?v=9bqIwMH3En8
1195506,Novocaine,2025-03-03,34536061,18000000,6.783,1623,6.6354,110,en,"Action, Comedy, Thriller",99BLnkAlC1M,https://www.youtube.com/watch?v=99BLnkAlC1M
1290190,Lokah Chapter 1: Chandra,2025-08-28,34242894,3379386,7.17,56,9.6697,151,ml,"Action, Adventure, Fantasy",64XHtNWTB5o,https://www.youtube.com/watch?v=64XHtNWTB5o
365177,Borderlands,2024-08-07,33017367,115000000,5.59,1503,7.6632,101,en,"Action, Science Fiction, Comedy",Icnysn53neU,https://www.youtube.com/watch?v=Icnysn53neU
1368314,Passenger,2026-05-20,31002808,15000000,6.216,74,13.9105,94,en,"Horror, Thriller",eNIn8kW1kyE,https://www.youtube.com/watch?v=eNIn8kW1kyE
1280738,The Furious,2026-06-10,30832853,20000000,7.7,62,159.8737,113,zh,"Action, Crime",Avky8dVaqAI,https://www.youtube.com/watch?v=Avky8dVaqAI
1515899,Billie Eilish - Hit Me Hard and Soft: The Tour (Live in 3D),2026-05-06,26721893,20000000,7.5,23,8.0719,114,en,"Music, Documentary",9ElURjcuWLQ,https://www.youtube.com/watch?v=9ElURjcuWLQ
1291335,Solo Mio,2026-02-05,26400616,4000000,7.152,168,8.4655,96,en,"Romance, Comedy",433MYSlERJo,https://www.youtube.com/watch?v=433MYSlERJo
803796,KPop Demon Hunters,2025-06-20,24619953,100000000,8.016,2922,36.3148,96,en,"Fantasy, Music, Comedy, Animation",AzCAwdp1uIQ,https://www.youtube.com/watch?v=AzCAwdp1uIQ
957452,The Crow,2024-08-21,24109036,50000000,5.791,1288,6.5213,111,en,"Action, Fantasy, Horror",4CLE3pWAAr8,https://www.youtube.com/watch?v=4CLE3pWAAr8
1159831,The Bride!,2026-03-04,23944025,80000000,6.2,538,13.4484,127,en,"Science Fiction, Horror, Fantasy",-oLJmEFK14k,https://www.youtube.com/watch?v=-oLJmEFK14k
1122573,In the Grey,2026-05-13,23738074,70000000,6.644,268,113.3439,97,en,"Action, Thriller",nufP15iN4GE,https://www.youtube.com/watch?v=nufP15iN4GE
1430077,Hokum,2026-04-29,23563104,5000000,6.9,385,82.1698,107,en,Horror,qU_i5e48KzQ,https://www.youtube.com/watch?v=qU_i5e48KzQ
799766,Better Man,2024-12-06,22549151,110000000,7.6,861,6.9173,135,en,"Music, Drama",KVeH5T4wxkE,https://www.youtube.com/watch?v=KVeH5T4wxkE
1124566,Sentimental Value,2025-08-20,22000000,7800000,7.5,946,7.8966,133,no,Drama,zBFstFXdk90,https://www.youtube.com/watch?v=zBFstFXdk90
1455079,"You, Me & Tuscany",2026-04-09,21739390,18000000,7.459,86,6.5027,105,en,"Romance, Comedy",uYTMroh8pjI,https://www.youtube.com/watch?v=uYTMroh8pjI
1480387,undertone,2026-03-12,21602976,500000,6.1,275,25.4442,94,en,"Horror, Mystery",1fCZhJMkBaY,https://www.youtube.com/watch?v=1fCZhJMkBaY
467905,How to Make a Killing,2026-02-16,21336094,15000000,7.016,483,16.3954,105,en,"Comedy, Thriller",B7RslMKZ2Yc,https://www.youtube.com/watch?v=B7RslMKZ2Yc
1336770,Vaazha II,2026-04-02,21181760,1079884,7.318,11,8.418,162,ml,"Comedy, Drama",PYI_dy23AuY,https://www.youtube.com/watch?v=PYI_dy23AuY
1022453,The Rajasaab,2026-01-08,21000000,50000000,5.226,31,9.071,186,te,"Comedy, Horror, Fantasy, Action",YFZMBqyXkqQ,https://www.youtube.com/watch?v=YFZMBqyXkqQ
1213898,Border 2,2026-01-23,21000000,33000000,7.111,27,21.5066,201,hi,"Action, Drama, War",nvmc2ECk8Lo,https://www.youtube.com/watch?v=nvmc2ECk8Lo
1239134,Bhooth Bangla,2026-04-16,20000000,14000000,5.6,40,275.9877,163,hi,"Horror, Comedy",XW1RkKiRnsg,https://www.youtube.com/watch?v=XW1RkKiRnsg
1292695,They Will Kill You,2026-03-25,19382152,20000000,7.023,820,35.8095,94,en,"Horror, Comedy, Action",s0PGrtw0X1Q,https://www.youtube.com/watch?v=s0PGrtw0X1Q
823219,Flow,2024-08-29,17660107,3700000,8.083,2873,15.6946,85,lv,"Adventure, Animation, Family, Fantasy",shsVQvHUTxw,https://www.youtube.com/watch?v=shsVQvHUTxw
1153714,Death of a Unicorn,2025-03-17,16423085,15000000,6.4,839,6.7981,107,en,"Horror, Fantasy, Comedy",aQOle3MHnGs,https://www.youtube.com/watch?v=aQOle3MHnGs
1247165,Raja Shivaji,2026-05-01,15600000,9000000,9.0,1,14.7605,195,mr,"Action, History, Drama",3CXt4GtjLmc,https://www.youtube.com/watch?v=3CXt4GtjLmc
1317149,I Swear,2025-09-22,15564405,3730000,8.23,363,11.6736,121,en,"Drama, History",10ynpduiRpM,https://www.youtube.com/watch?v=10ynpduiRpM
1110034,Kraken,2026-02-06,14329678,1000000,6.416,172,31.4333,94,no,"Horror, Action, Thriller",EUTatY1-oBI,https://www.youtube.com/watch?v=EUTatY1-oBI
1268127,Humint,2026-02-11,13207600,16000000,7.484,152,13.0787,120,ko,"Thriller, Action, Drama",n6scQ_ds0x8,https://www.youtube.com/watch?v=n6scQ_ds0x8
1244492,Look Back,2024-06-28,12648664,0,8.126,575,8.005,58,ja,"Animation, Drama",X2aE3DtSO98,https://www.youtube.com/watch?v=X2aE3DtSO98
1194963,Noise,2025-06-25,12199988,0,6.821,84,7.0425,95,ko,"Horror, Thriller",lptFuq1LG7g,https://www.youtube.com/watch?v=lptFuq1LG7g
1033148,Die My Love,2025-10-06,11745933,0,6.1,555,7.2151,119,en,Drama,2jzXHW6Qe70,https://www.youtube.com/watch?v=2jzXHW6Qe70
1404791,Dollhouse,2025-06-13,11547839,0,7.639,101,15.0444,110,ja,"Horror, Mystery",BETzErclqok,https://www.youtube.com/watch?v=BETzErclqok
1318413,Pressure,2026-05-25,11301450,80000000,7.6,88,58.6223,101,en,"Thriller, History, War",EBh1LGRwiis,https://www.youtube.com/watch?v=EBh1LGRwiis
1151272,Sirāt,2025-06-06,10445082,7000000,6.86,685,6.7275,115,es,"Drama, Thriller",3_9OkHX8ZiA,https://www.youtube.com/watch?v=3_9OkHX8ZiA
1440050,The Breadwinner,2026-05-29,10437968,25000000,5.857,7,6.539,100,en,"Comedy, Family",m76VzoDfQWQ,https://www.youtube.com/watch?v=m76VzoDfQWQ
1223601,Sisu: Road to Revenge,2025-10-21,9811703,12200000,7.311,803,13.589,89,fi,"Action, War, Thriller",VmStqCXIgio,https://www.youtube.com/watch?v=VmStqCXIgio
1119449,"Good Luck, Have Fun, Don't Die",2026-02-13,9755038,20000000,7.034,611,21.5005,134,en,"Science Fiction, Action, Comedy",Nm4WbapDzDQ,https://www.youtube.com/watch?v=Nm4WbapDzDQ
1227877,I Love Boosters,2026-05-21,9204473,20000000,5.9,48,34.3098,113,en,"Comedy, Science Fiction, Crime",I1xZegSgN8w,https://www.youtube.com/watch?v=I1xZegSgN8w
1010755,The Strangers: Chapter 3,2026-02-05,9191988,8500000,5.792,216,14.2177,92,en,"Horror, Thriller",B2fZEIHamVs,https://www.youtube.com/watch?v=B2fZEIHamVs
1131759,Omniscient Reader: The Prophecy,2025-07-23,9187679,0,7.082,98,6.508,120,ko,"Action, Adventure, Fantasy",iglaBnDKG2c,https://www.youtube.com/watch?v=iglaBnDKG2c
1300501,Patriot,2026-05-01,7700000,15000000,7.1,10,14.5044,177,ml,"Action, Drama, Thriller",XTc2dLAgABI,https://www.youtube.com/watch?v=XTc2dLAgABI
1291659,The Wizard of the Kremlin,2026-01-21,7606890,0,6.551,195,8.3735,136,fr,Drama,U7ctYp3zQVA,https://www.youtube.com/watch?v=U7ctYp3zQVA
1195430,Deva,2025-01-31,6705000,5882000,6.032,63,8.5035,155,hi,"Action, Thriller, Mystery, Crime",DBCy-fo9eSQ,https://www.youtube.com/watch?v=DBCy-fo9eSQ
1357633,Solo Leveling -ReAwakening-,2024-11-26,6331827,0,7.16,272,17.5914,116,ja,"Action, Adventure, Fantasy, Animation",UdIXUDpeTXU,https://www.youtube.com/watch?v=UdIXUDpeTXU
1242332,Normal,2026-04-16,5978949,10000000,6.435,178,16.5596,91,en,"Action, Crime, Thriller",5OndK0w1lYY,https://www.youtube.com/watch?v=5OndK0w1lYY
1160018,Kill,2024-07-03,5600000,4800000,7.128,500,7.5625,105,hi,"Action, Crime, Thriller, Drama",da7lKeeS67c,https://www.youtube.com/watch?v=da7lKeeS67c
1284120,The Ugly Stepsister,2025-03-07,5325096,4250000,7.324,1198,8.1996,109,no,"Horror, Comedy, Drama",5vZ1_Yxjwzs,https://www.youtube.com/watch?v=5vZ1_Yxjwzs
1193501,Whistle,2026-01-20,4987632,2000000,6.323,485,14.9741,100,en,"Horror, Mystery",-O5DgGQJeks,https://www.youtube.com/watch?v=-O5DgGQJeks
1380316,Is God Is,2026-05-14,4857896,14800000,6.2,48,7.5171,100,en,"Drama, Thriller",pgtdkuNFoKk,https://www.youtube.com/watch?v=pgtdkuNFoKk
1029281,Strange Darling,2024-08-14,4853595,4000000,6.9,939,6.4896,97,en,"Horror, Thriller",F_F3f_Fqtrc,https://www.youtube.com/watch?v=F_F3f_Fqtrc
1146058,The Pout-Pout Fish,2026-01-01,4834402,10000000,5.8,10,27.8327,91,en,"Animation, Family, Adventure, Comedy",NhQfp1eITTY,https://www.youtube.com/watch?v=NhQfp1eITTY
324544,In the Lost Lands,2025-02-27,4755330,55000000,6.368,826,6.9917,101,en,"Action, Fantasy, Western",CMyrp5Vk3mU,https://www.youtube.com/watch?v=CMyrp5Vk3mU
1564614,Leviticus,2026-06-17,4654180,3500000,7.1,19,45.9813,88,en,"Horror, Romance",WXuK0vlFxII,https://www.youtube.com/watch?v=WXuK0vlFxII
696393,Cold Storage,2026-01-22,4048606,10000000,6.778,533,8.9494,99,en,"Horror, Science Fiction, Comedy",kea7gnh1uYA,https://www.youtube.com/watch?v=kea7gnh1uYA
812583,Wake Up Dead Man: A Knives Out Mystery,2025-11-26,4000000,210000000,7.206,2563,9.9987,145,en,"Thriller, Mystery, Comedy",0hc8yz5-d5Y,https://www.youtube.com/watch?v=0hc8yz5-d5Y
1198984,We Bury the Dead,2026-01-01,3745163,0,6.062,266,9.6822,95,en,"Horror, Thriller",YmPyNvrzF0A,https://www.youtube.com/watch?v=YmPyNvrzF0A
1598785,Milky☆Subway: The Galactic Limited Express - the Movie,2026-02-06,3700000,0,9.3,26,22.5773,46,ja,"Animation, Action, Adventure, Comedy, Science Fiction",5aYkjZYbWX8,https://www.youtube.com/watch?v=5aYkjZYbWX8
1557848,The Sleeper,2025-10-29,3700000,0,6.0,5,6.6616,123,tr,"Action, Thriller, Drama",hvHw1VbVQkM,https://www.youtube.com/watch?v=hvHw1VbVQkM
1511417,Bāhubali: The Epic,2025-10-29,3500000,65000000,6.2,39,10.2689,224,te,"Action, Drama",q8nbZbHRcEg,https://www.youtube.com/watch?v=q8nbZbHRcEg
1367220,Karuppu,2026-05-14,3345079,16000000,6.7,18,162.1811,152,ta,"Action, Fantasy",vH0Q5t_JUng,https://www.youtube.com/watch?v=vH0Q5t_JUng
1035048,Elevation,2024-11-07,3300000,18000000,6.417,996,7.0779,91,en,"Action, Science Fiction, Thriller",N7pZthBBLOA,https://www.youtube.com/watch?v=N7pZthBBLOA
1284465,The Death of Robin Hood,2026-06-18,3200000,25000000,6.464,28,24.6701,123,en,"Drama, Thriller, Action",tlSDDuWxO_0,https://www.youtube.com/watch?v=tlSDDuWxO_0
1102883,Mother Mary,2026-04-16,2980376,20000000,5.7,89,8.1347,112,en,"Music, Drama, Thriller",aqYHOsuje1E,https://www.youtube.com/watch?v=aqYHOsuje1E
1242265,Fuze,2026-03-23,2890908,45000000,6.4,135,13.839,96,en,"Action, Crime, Drama, Thriller",1aNywiElPSY,https://www.youtube.com/watch?v=1aNywiElPSY
1497970,Tom and Jerry: Forbidden Compass,2025-08-02,2730116,0,6.667,48,7.5134,99,zh,"Animation, Comedy, Family, Fantasy, Adventure",VBPlpfK6zXg,https://www.youtube.com/watch?v=VBPlpfK6zXg
1119090,I Am Frankelda,2025-10-23,2709440,0,8.3,94,7.4427,104,es,"Animation, Fantasy, Horror, Adventure, Family",diRwnGRr-Ko,https://www.youtube.com/watch?v=diRwnGRr-Ko
855435,Faces of Death,2026-04-10,2610000,7400000,5.5,90,9.0237,97,en,Horror,bKiX2FBBz54,https://www.youtube.com/watch?v=bKiX2FBBz54
1642859,Iron Maiden: Burning Ambition,2026-05-07,2547000,0,7.278,18,11.6774,105,en,"Documentary, Music",pD_H2u79tp0,https://www.youtube.com/watch?v=pD_H2u79tp0
1107166,Psycho Killer,2026-02-19,2376805,10000000,6.2,104,7.3827,91,en,"Crime, Horror, Mystery",pwq8gwdVxts,https://www.youtube.com/watch?v=pwq8gwdVxts
1127384,Deep Water,2026-04-30,2286163,0,6.164,61,246.8139,107,en,"Thriller, Horror",f0ptq0Lzdh8,https://www.youtube.com/watch?v=f0ptq0Lzdh8
1252309,Tell Me What You Want,2024-11-29,2265661,0,6.131,293,14.725,114,es,"Romance, Drama",MzNbhA4WFqg,https://www.youtube.com/watch?v=MzNbhA4WFqg
1390300,Over Your Dead Body,2026-03-14,2055131,0,6.554,327,46.5182,105,en,"Action, Comedy, Thriller",pGxKTIegUZ4,https://www.youtube.com/watch?v=pGxKTIegUZ4
1383731,Protector,2026-02-20,1969113,0,8.54,354,23.5234,90,en,"Action, Thriller",IRKGIuL3728,https://www.youtube.com/watch?v=IRKGIuL3728
1397485,Girls Like Girls,2026-06-18,1913765,0,6.7,10,19.7281,95,en,"Romance, Drama",ZC1kEknG2ro,https://www.youtube.com/watch?v=ZC1kEknG2ro
1340206,Tuner,2026-05-21,1896557,7000000,7.161,93,64.7627,108,en,"Thriller, Crime, Drama",XiehvETTjTQ,https://www.youtube.com/watch?v=XiehvETTjTQ
1216191,Oddity,2024-07-19,1850519,0,6.675,799,7.4453,98,en,"Horror, Mystery",ktIqbb0TS7s,https://www.youtube.com/watch?v=ktIqbb0TS7s
1406657,Scarlet,2025-11-21,1730000,0,7.276,105,7.671,112,ja,"Animation, Action, Drama, Science Fiction",J_jm2YZ8pYU,https://www.youtube.com/watch?v=J_jm2YZ8pYU
1359607,Miss Kobayashi's Dragon Maid: A lonely dragon wants to be loved,2025-06-27,1332039,0,8.679,53,7.4953,105,ja,"Animation, Comedy, Fantasy",RgJW1y1_ig0,https://www.youtube.com/watch?v=RgJW1y1_ig0
1125899,Cleaner,2025-02-19,1314073,0,6.371,540,7.3403,97,en,"Action, Thriller",c8sf0c-cjzQ,https://www.youtube.com/watch?v=c8sf0c-cjzQ
1470130,The Mortuary Assistant,2026-02-13,1300011,0,5.5,117,22.9894,91,en,"Horror, Mystery",YtY6JoPX5MU,https://www.youtube.com/watch?v=YtY6JoPX5MU
1307373,Wasteman,2026-02-20,1200343,0,7.202,57,8.5844,91,en,"Crime, Drama, Thriller",uaOextY7REM,https://www.youtube.com/watch?v=uaOextY7REM
1235746,Dead of Winter,2025-09-23,1030111,0,6.384,374,8.0078,98,en,"Thriller, Action",klGRM4Qs-gk,https://www.youtube.com/watch?v=klGRM4Qs-gk
1673393,Krishnavataram Part 1: The Heart (Hridayam),2026-05-07,1000000,16000000,9.0,6,7.7786,149,hi,"Adventure, Romance, Drama",KIwC1m7etLE,https://www.youtube.com/watch?v=KIwC1m7etLE
